fileFilter	**/R.class	DEAD	
fileFilter	**/R$*.class	DEAD	
fileFilter	**/BuildConfig.*	DEAD	
fileFilter	**/Manifest*.*	DEAD	
fileFilter	**/BR.*	DEAD	
fileFilter	**/*Test.class	DEAD	
fileFilter	**/*Test$*.class	DEAD	
fileFilter	**/*Tests.class	DEAD	
fileFilter	**/*Tests$*.class	DEAD	
fileFilter	android/databinding/**/*.class	DEAD	
fileFilter	**/android/databinding/*Binding.class	DEAD	
fileFilter	**/android/databinding/*	DEAD	
fileFilter	**/androidx/databinding/*	DEAD	
fileFilter	**/databinding/*	DEAD	
fileFilter	**/DataBinderMapperImpl.class	DEAD	
fileFilter	**/DataBinderMapperImpl$*.class	DEAD	
fileFilter	**/DataBindingTriggerClass.class	DEAD	
fileFilter	**/DataBindingTriggerClass$*.class	DEAD	
fileFilter	**/*_MembersInjector.class	DEAD	
fileFilter	**/Dagger*Component.class	DEAD	
fileFilter	**/Dagger*Component$Builder.class	DEAD	
fileFilter	**/Dagger*Subcomponent*.class	DEAD	
fileFilter	**/*Subcomponent$Builder.class	DEAD	
fileFilter	**/*Module_*Factory.class	DEAD	
fileFilter	**/*_Factory*.*	DEAD	
fileFilter	**/*Dagger*.*	DEAD	
fileFilter	**/*Hilt*.*	DEAD	
fileFilter	**/*_Provide*Factory*.*	DEAD	
fileFilter	**/*$Lambda$*.*	DEAD	
fileFilter	**/*$Result.*	DEAD	
fileFilter	**/*$Result$*.*	DEAD	
fileFilter	**/*JsonAdapter.*	DEAD	
fileFilter	**/*Activity.class	HIT	com/webengage/pushtemplates/receivers/PushTransparentActivity.class
fileFilter	**/*Activity$*.class	HIT	com/webengage/pushtemplates/receivers/PushTransparentActivity$Inner.class
fileFilter	**/*ActivityKt.class	HIT	com/webengage/pushtemplates/receivers/PushTransparentActivityKt.class
fileFilter	**/*ActivityKt$*.class	HIT	com/webengage/pushtemplates/receivers/PushTransparentActivityKt$Inner.class
fileFilter	**/*Fragment.class	HIT	com/wego/android/IntroCardFragment.class
fileFilter	**/*Fragment$*.class	HIT	com/wego/android/IntroCardFragment$Inner.class
fileFilter	**/*Adapter.class	HIT	MapPlaceAutocompleteAdapter.class
fileFilter	**/*Adapter$*.class	HIT	MapPlaceAutocompleteAdapter$Inner.class
fileFilter	**/*AdapterKt.class	HIT	com/wego/android/GoogleWegoMapInfoWindowAdapterKt.class
fileFilter	**/*ViewHolder.class	HIT	com/wego/android/adapters/HotelResultAdViewHolder.class
fileFilter	**/*ViewHolder$*.class	HIT	com/wego/android/adapters/HotelResultAdViewHolder$Inner.class
fileFilter	**/*ViewHolderKt.class	HIT	com/wego/android/airlinesearchform/presentation/viewholders/AirlineSearchFormBaseViewHolderKt.class
fileFilter	**/*ViewHolderKt$*.class	HIT	com/wego/android/airlinesearchform/presentation/viewholders/AirlineSearchFormBaseViewHolderKt$Inner.class
fileFilter	**/*Dialog.class	HIT	com/wego/android/bow/ui/roomselection/RefreshSearchDialog.class
fileFilter	**/*Dialog$*.class	HIT	com/wego/android/bow/ui/roomselection/RefreshSearchDialog$Inner.class
fileFilter	**/*BottomSheet.class	HIT	com/wego/android/bookinghistory/CustomBottomSheet.class
fileFilter	**/*BottomSheet$*.class	HIT	com/wego/android/bookinghistory/CustomBottomSheet$Inner.class
fileFilter	**/*BottomSheetKt.class	HIT	com/wego/android/bookinghistory/CustomBottomSheetKt.class
fileFilter	**/*BottomSheetDialogFragment.class	DEAD	
fileFilter	**/*BottomSheetDialogFragment$*.class	DEAD	
fileFilter	**/*Screen.class	HIT	com/wego/android/airlinesearchform/feature/airlinewebview/AirlineSearchFormHandoffScreen.class
fileFilter	**/*Screen$*.class	HIT	com/wego/android/airlinesearchform/feature/airlinewebview/AirlineSearchFormHandoffScreen$Inner.class
fileFilter	**/*ScreenKt.class	HIT	com/wego/android/airlinesearchform/feature/airlinewebview/AirlineSearchFormHandoffScreenKt.class
fileFilter	**/*ScreenKt$*.class	HIT	com/wego/android/airlinesearchform/feature/airlinewebview/AirlineSearchFormHandoffScreenKt$Inner.class
fileFilter	**/*UIKt.class	HIT	com/wego/android/bookinghistory/BookingCancelledUIKt.class
fileFilter	**/*UIKt$*.class	HIT	com/wego/android/bookinghistory/BookingCancelledUIKt$Inner.class
fileFilter	**/ComposableSingletons$*.class	DEAD	
fileFilter	**/*Preview.class	DEAD	
fileFilter	**/*Preview$*.class	DEAD	
fileFilter	**/*PreviewKt.class	DEAD	
fileFilter	**/*PreviewKt$*.class	DEAD	
fileFilter	**/*ViewBinder$*.class	DEAD	
fileFilter	**/*BindingAdapter*.class	HIT	com/wego/android/home/features/citypage/CityPageBindingAdapters.class
fileFilter	**/*BindingAdapters.class	HIT	com/wego/android/home/features/citypage/CityPageBindingAdapters.class
fileFilter	**/*BindingAdapters$*.class	HIT	com/wego/android/home/features/citypage/CityPageBindingAdapters$Inner.class
fileFilter	**/*Router.class	HIT	com/wego/android/bowflight/ui/BowFlightRouter.class
fileFilter	**/*Router$*.class	HIT	com/wego/android/bowflight/ui/BowFlightRouter$Inner.class
fileFilter	**/*Navigator.class	DEAD	
fileFilter	**/*Navigator$*.class	DEAD	
fileFilter	**/*Service.class	HIT	WegoDeviceListenerService.class
fileFilter	**/*Service$*.class	HIT	WegoDeviceListenerService$Inner.class
fileFilter	**/*Interceptor.class	HIT	com/wego/android/api/HeaderInterceptor.class
fileFilter	**/*Interceptor$*.class	HIT	com/wego/android/api/HeaderInterceptor$Inner.class
fileFilter	**/*Api.class	HIT	com/wego/android/home/model/ResponseApi.class
fileFilter	**/*Api$*.class	HIT	com/wego/android/home/model/ResponseApi$Inner.class
fileFilter	**/*ApiService.class	HIT	com/wego/android/activities/api/ApiService.class
fileFilter	**/*ApiService$*.class	HIT	com/wego/android/activities/api/ApiService$Inner.class
fileFilter	**/*Dao.class	HIT	com/wego/android/data/daos/CountryDao.class
fileFilter	**/*Dao$*.class	HIT	com/wego/android/data/daos/CountryDao$Inner.class
fileFilter	**/*Dao_*.class	DEAD	
fileFilter	**/*WebViewClient.class	HIT	com/wego/android/airlinesearchform/feature/airlinewebview/AirlineSearchFormWebViewClient.class
fileFilter	**/*WebViewClient$*.class	HIT	com/wego/android/airlinesearchform/feature/airlinewebview/AirlineSearchFormWebViewClient$Inner.class
fileFilter	**/*WebChromeClient.class	DEAD	
fileFilter	**/*WebChromeClient$*.class	DEAD	
fileFilter	**/*Worker.class	HIT	com/wego/android/home/features/engage/EngageServiceWorker.class
fileFilter	**/*Worker$*.class	HIT	com/wego/android/home/features/engage/EngageServiceWorker$Inner.class
fileFilter	**/*Injector.class	HIT	com/wego/android/airlinesearchform/presentation/di/AirlineSearchFormInjector.class
fileFilter	**/*Injector$*.class	HIT	com/wego/android/airlinesearchform/presentation/di/AirlineSearchFormInjector$Inner.class
fileFilter	**/WegoMainApplication.class	HIT	com/wego/android/WegoMainApplication.class
fileFilter	**/WegoBaseApplication.class	HIT	com/wego/android/WegoBaseApplication.class
fileFilter	**/WegoBaseApplication$*.class	HIT	com/wego/android/WegoBaseApplication$Inner.class
fileFilter	**/WegoGlideModule.class	HIT	com/wego/android/WegoGlideModule.class
fileFilter	**/WegoGlideModule$*.class	HIT	com/wego/android/WegoGlideModule$Inner.class
fileFilter	**/bowdi/**/*.class	HIT	com/wego/android/bowdi/modules/HelperModule.class
fileFilter	**/di/modules/**/*.class	HIT	com/wego/android/bow/di/modules/RepoModule.class
fileFilter	**/di/components/**/*.class	HIT	com/wego/android/bow/di/components/BOWComponent.class
fileFilter	**/configs/**/*.class	HIT	com/wego/android/data/configs/ConfigInterface.class
fileFilter	**/*ViewModelFactory.class	HIT	com/wego/android/airlinesearchform/presentation/viewmodel/AirlineSearchFormViewModelFactory.class
fileFilter	**/*ViewModelFactory$*.class	HIT	com/wego/android/airlinesearchform/presentation/viewmodel/AirlineSearchFormViewModelFactory$Inner.class
fileFilter	**/home/factories/*Factory.class	HIT	com/wego/android/home/factories/CityPageViewHolderFactory.class
fileFilter	**/home/factories/*Factory$*.class	HIT	com/wego/android/home/factories/CityPageViewHolderFactory$Inner.class
fileFilter	**/PersonalizationModule.class	HIT	com/wego/android/personalization/di/PersonalizationModule.class
fileFilter	**/PersonalizationModule$*.class	HIT	com/wego/android/personalization/di/PersonalizationModule$Inner.class
fileFilter	**/PersonalizationNetworkModule.class	HIT	com/wego/android/personalization/di/PersonalizationNetworkModule.class
fileFilter	**/PersonalizationNetworkModule$*.class	HIT	com/wego/android/personalization/di/PersonalizationNetworkModule$Inner.class
fileFilter	**/GetPersonalizationUseCaseFactory.class	HIT	com/wego/android/personalization/di/GetPersonalizationUseCaseFactory.class
fileFilter	**/GetPersonalizationUseCaseFactory$*.class	HIT	com/wego/android/personalization/di/GetPersonalizationUseCaseFactory$Inner.class
fileFilter	**/WegoAnalytics.class	HIT	com/wego/android/analytics/WegoAnalytics.class
fileFilter	**/WegoAnalytics$*.class	HIT	com/wego/android/analytics/WegoAnalytics$Inner.class
fileFilter	**/WegoAnalyticsLib.class	HIT	com/wego/android/analytics/WegoAnalyticsLib.class
fileFilter	**/WegoAnalyticsLib$*.class	HIT	com/wego/android/analytics/WegoAnalyticsLib$Inner.class
fileFilter	**/WegoAnalyticsLibv3Kt.class	HIT	com/wego/android/analyticsv3/WegoAnalyticsLibv3Kt.class
fileFilter	**/WegoAnalyticsUtils.class	HIT	com/wego/android/util/WegoAnalyticsUtils.class
fileFilter	**/WegoAnalyticsUtils$*.class	HIT	com/wego/android/util/WegoAnalyticsUtils$Inner.class
fileFilter	**/WegoAnalyticsNavUtil.class	HIT	com/wego/android/util/WegoAnalyticsNavUtil.class
fileFilter	**/WegoAnalyticsNavUtil$*.class	HIT	com/wego/android/util/WegoAnalyticsNavUtil$Inner.class
fileFilter	**/WegoAnalyticsNavUtilKt.class	HIT	com/wego/android/util/WegoAnalyticsNavUtilKt.class
fileFilter	**/AnalyticsHelper.class	HIT	com/wego/android/analytics/AnalyticsHelper.class
fileFilter	**/AnalyticsHelper$*.class	HIT	com/wego/android/analytics/AnalyticsHelper$Inner.class
fileFilter	**/AnalyticsHelperImpl.class	HIT	com/wego/android/analytics/AnalyticsHelperImpl.class
fileFilter	**/AnalyticsHelperImpl$*.class	HIT	com/wego/android/analytics/AnalyticsHelperImpl$Inner.class
fileFilter	**/AnalyticsLogger.class	HIT	com/wego/android/analytics/AnalyticsLogger.class
fileFilter	**/AnalyticsLogger$*.class	HIT	com/wego/android/analytics/AnalyticsLogger$Inner.class
fileFilter	**/AnalyticsClients.class	HIT	com/wego/android/analytics/AnalyticsClients.class
fileFilter	**/AnalyticsClients$*.class	HIT	com/wego/android/analytics/AnalyticsClients$Inner.class
fileFilter	**/AnalyticsUtil.class	HIT	com/wego/android/util/AnalyticsUtil.class
fileFilter	**/AnalyticsUtil$*.class	HIT	com/wego/android/util/AnalyticsUtil$Inner.class
fileFilter	**/GoogleAnalyticsClient.class	HIT	com/wego/android/analytics/GoogleAnalyticsClient.class
fileFilter	**/GoogleAnalyticsClient$*.class	HIT	com/wego/android/analytics/GoogleAnalyticsClient$Inner.class
fileFilter	**/AppsflyerAnalyticsClient.class	HIT	com/wego/android/analytics/AppsflyerAnalyticsClient.class
fileFilter	**/AppsflyerAnalyticsClient$*.class	HIT	com/wego/android/analytics/AppsflyerAnalyticsClient$Inner.class
fileFilter	**/WebEngageAnalyticsClient.class	HIT	com/wego/android/analytics/WebEngageAnalyticsClient.class
fileFilter	**/WebEngageAnalyticsClient$*.class	HIT	com/wego/android/analytics/WebEngageAnalyticsClient$Inner.class
fileFilter	**/BaseAnalyticsClient.class	HIT	com/wego/android/analytics/BaseAnalyticsClient.class
fileFilter	**/BaseAnalyticsClient$*.class	HIT	com/wego/android/analytics/BaseAnalyticsClient$Inner.class
fileFilter	**/GenzoBatchUploader.class	HIT	com/wego/android/analytics/GenzoBatchUploader.class
fileFilter	**/GenzoBatchUploader$*.class	HIT	com/wego/android/analytics/GenzoBatchUploader$Inner.class
fileFilter	**/GenzoDemographicUtil.class	HIT	com/wego/android/util/GenzoDemographicUtil.class
fileFilter	**/GenzoDemographicUtil$*.class	HIT	com/wego/android/util/GenzoDemographicUtil$Inner.class
fileFilter	**/WegoBus.class	HIT	com/wego/android/eventbus/WegoBus.class
fileFilter	**/WegoBus$*.class	HIT	com/wego/android/eventbus/WegoBus$Inner.class
fileFilter	**/WegoRxBus.class	HIT	com/wego/android/eventbus/WegoRxBus.class
fileFilter	**/WegoRxBus$*.class	HIT	com/wego/android/eventbus/WegoRxBus$Inner.class
fileFilter	**/PushManagerEvent.class	HIT	com/wego/android/eventbus/PushManagerEvent.class
fileFilter	**/PushManagerEvent$*.class	HIT	com/wego/android/eventbus/PushManagerEvent$Inner.class
fileFilter	**/SmartLockEvent.class	HIT	com/wego/android/eventbus/SmartLockEvent.class
fileFilter	**/SmartLockEvent$*.class	HIT	com/wego/android/eventbus/SmartLockEvent$Inner.class
fileFilter	**/WegoConfigEvent.class	HIT	com/wego/android/eventbus/WegoConfigEvent.class
fileFilter	**/WegoConfigEvent$*.class	HIT	com/wego/android/eventbus/WegoConfigEvent$Inner.class
fileFilter	**/SharedPreferenceManager.class	HIT	com/wego/android/managers/SharedPreferenceManager.class
fileFilter	**/SharedPreferenceManager$*.class	HIT	com/wego/android/managers/SharedPreferenceManager$Inner.class
fileFilter	**/LocaleManager.class	HIT	com/wego/android/managers/LocaleManager.class
fileFilter	**/LocaleManager$*.class	HIT	com/wego/android/managers/LocaleManager$Inner.class
fileFilter	**/UserProfileManager.class	HIT	com/wego/android/util/UserProfileManager.class
fileFilter	**/UserProfileManager$*.class	HIT	com/wego/android/util/UserProfileManager$Inner.class
fileFilter	**/DeviceManager.class	HIT	com/wego/android/managers/DeviceManager.class
fileFilter	**/DeviceManager$*.class	HIT	com/wego/android/managers/DeviceManager$Inner.class
fileFilter	**/ExchangeRatesManager.class	HIT	com/wego/android/managers/ExchangeRatesManager.class
fileFilter	**/ExchangeRatesManager$*.class	HIT	com/wego/android/managers/ExchangeRatesManager$Inner.class
fileFilter	**/CookieManager.class	HIT	com/wego/android/managers/CookieManager.class
fileFilter	**/CookieManager$*.class	HIT	com/wego/android/managers/CookieManager$Inner.class
fileFilter	**/ImageLoaderManager.class	HIT	com/wego/android/managers/ImageLoaderManager.class
fileFilter	**/ImageLoaderManager$*.class	HIT	com/wego/android/managers/ImageLoaderManager$Inner.class
fileFilter	**/FlavorManager.class	HIT	com/wego/android/managers/FlavorManager.class
fileFilter	**/FlavorManager$*.class	HIT	com/wego/android/managers/FlavorManager$Inner.class
fileFilter	**/WegoSupportChatManager.class	HIT	com/wego/android/managers/WegoSupportChatManager.class
fileFilter	**/WegoSupportChatManager$*.class	HIT	com/wego/android/managers/WegoSupportChatManager$Inner.class
fileFilter	**/SharedDeeplinkParamManager.class	HIT	com/wego/android/managers/SharedDeeplinkParamManager.class
fileFilter	**/SharedDeeplinkParamManager$*.class	HIT	com/wego/android/managers/SharedDeeplinkParamManager$Inner.class
fileFilter	**/AdsManager.class	HIT	com/wego/android/managers/AdsManager.class
fileFilter	**/AdsManager$*.class	HIT	com/wego/android/managers/AdsManager$Inner.class
fileFilter	**/GooglePlacesManager.class	HIT	com/wego/android/managers/GooglePlacesManager.class
fileFilter	**/GooglePlacesManager$*.class	HIT	com/wego/android/managers/GooglePlacesManager$Inner.class
fileFilter	**/WebEngagePushManager.class	HIT	com/wego/android/managers/WebEngagePushManager.class
fileFilter	**/WebEngagePushManager$*.class	HIT	com/wego/android/managers/WebEngagePushManager$Inner.class
fileFilter	**/MapPlacesManager.class	HIT	MapPlacesManager.class
fileFilter	**/MapPlacesManager$*.class	HIT	MapPlacesManager$Inner.class
fileFilter	**/WegoButton.class	HIT	com/wego/android/component/WegoButton.class
fileFilter	**/WegoButton$*.class	HIT	com/wego/android/component/WegoButton$Inner.class
fileFilter	**/WegoTextView.class	HIT	com/wego/android/component/WegoTextView.class
fileFilter	**/WegoTextView$*.class	HIT	com/wego/android/component/WegoTextView$Inner.class
fileFilter	**/AutoResizeTextView.class	HIT	com/wego/android/component/AutoResizeTextView.class
fileFilter	**/AutoResizeTextView$*.class	HIT	com/wego/android/component/AutoResizeTextView$Inner.class
fileFilter	**/PriceTextView.class	HIT	com/wego/android/component/PriceTextView.class
fileFilter	**/PriceTextView$*.class	HIT	com/wego/android/component/PriceTextView$Inner.class
fileFilter	**/PriceOptionsView.class	HIT	com/wego/android/component/PriceOptionsView.class
fileFilter	**/PriceOptionsView$*.class	HIT	com/wego/android/component/PriceOptionsView$Inner.class
fileFilter	**/RobotoMediumTextView.class	HIT	com/wego/android/component/RobotoMediumTextView.class
fileFilter	**/RobotoMediumTextView$*.class	HIT	com/wego/android/component/RobotoMediumTextView$Inner.class
fileFilter	**/MagicTextView.class	HIT	com/wego/android/component/MagicTextView.class
fileFilter	**/MagicTextView$*.class	HIT	com/wego/android/component/MagicTextView$Inner.class
fileFilter	**/SearchLocationHeaderTextView.class	HIT	com/wego/android/component/SearchLocationHeaderTextView.class
fileFilter	**/SearchLocationHeaderTextView$*.class	HIT	com/wego/android/component/SearchLocationHeaderTextView$Inner.class
fileFilter	**/MapClusterTextView.class	HIT	com/wego/android/component/MapClusterTextView.class
fileFilter	**/MapClusterTextView$*.class	HIT	com/wego/android/component/MapClusterTextView$Inner.class
fileFilter	**/GoogleSquareTextView.class	HIT	com/wego/android/features/hotelsearchresults/maps/clustering/GoogleSquareTextView.class
fileFilter	**/GoogleSquareTextView$*.class	HIT	com/wego/android/features/hotelsearchresults/maps/clustering/GoogleSquareTextView$Inner.class
fileFilter	**/DisclaimerWegoTextView.class	HIT	com/wego/android/component/DisclaimerWegoTextView.class
fileFilter	**/DisclaimerWegoTextView$*.class	HIT	com/wego/android/component/DisclaimerWegoTextView$Inner.class
fileFilter	**/CirclePagerIndicatorDecoration.class	HIT	com/wego/android/component/CirclePagerIndicatorDecoration.class
fileFilter	**/CirclePagerIndicatorDecoration$*.class	HIT	com/wego/android/component/CirclePagerIndicatorDecoration$Inner.class
fileFilter	**/CustomSpinner.class	HIT	com/wego/android/component/CustomSpinner.class
fileFilter	**/CustomSpinner$*.class	HIT	com/wego/android/component/CustomSpinner$Inner.class
fileFilter	**/CustomVerticalScrollView.class	HIT	com/wego/android/component/CustomVerticalScrollView.class
fileFilter	**/CustomVerticalScrollView$*.class	HIT	com/wego/android/component/CustomVerticalScrollView$Inner.class
fileFilter	**/CustomViewPager.class	HIT	com/wego/android/component/CustomViewPager.class
fileFilter	**/CustomViewPager$*.class	HIT	com/wego/android/component/CustomViewPager$Inner.class
fileFilter	**/RtlViewPager.class	HIT	com/wego/android/component/RtlViewPager.class
fileFilter	**/RtlViewPager$*.class	HIT	com/wego/android/component/RtlViewPager$Inner.class
fileFilter	**/SwipeLayout.class	HIT	com/wego/android/component/SwipeLayout.class
fileFilter	**/SwipeLayout$*.class	HIT	com/wego/android/component/SwipeLayout$Inner.class
fileFilter	**/WeegioLoadingView.class	HIT	com/wego/android/component/WeegioLoadingView.class
fileFilter	**/WeegioLoadingView$*.class	HIT	com/wego/android/component/WeegioLoadingView$Inner.class
fileFilter	**/WeegioLoadingViewKt.class	HIT	com/wego/android/component/WeegioLoadingViewKt.class
fileFilter	**/WeegioLoadingViewKt$*.class	HIT	com/wego/android/component/WeegioLoadingViewKt$Inner.class
fileFilter	**/DayPickerView.class	HIT	com/wego/android/calendar/DayPickerView.class
fileFilter	**/DayPickerView$*.class	HIT	com/wego/android/calendar/DayPickerView$Inner.class
fileFilter	**/SimpleMonthView.class	HIT	com/wego/android/calendar/SimpleMonthView.class
fileFilter	**/SimpleMonthView$*.class	HIT	com/wego/android/calendar/SimpleMonthView$Inner.class
fileFilter	**/RippleBackground.class	HIT	com/wego/android/animation/RippleBackground.class
fileFilter	**/RippleBackground$*.class	HIT	com/wego/android/animation/RippleBackground$Inner.class
fileFilter	**/TextViewExpandAnimation.class	HIT	com/wego/android/animation/TextViewExpandAnimation.class
fileFilter	**/TextViewExpandAnimation$*.class	HIT	com/wego/android/animation/TextViewExpandAnimation$Inner.class
fileFilter	**/ViewMoreButton.class	HIT	com/wego/android/component/ViewMoreButton.class
fileFilter	**/ViewMoreButton$*.class	HIT	com/wego/android/component/ViewMoreButton$Inner.class
fileFilter	**/InfiniteImageSlider.class	HIT	com/wego/android/component/InfiniteImageSlider.class
fileFilter	**/InfiniteImageSlider$*.class	HIT	com/wego/android/component/InfiniteImageSlider$Inner.class
fileFilter	**/FlexibleEditText.class	HIT	com/wego/android/component/FlexibleEditText.class
fileFilter	**/FlexibleEditText$*.class	HIT	com/wego/android/component/FlexibleEditText$Inner.class
fileFilter	**/PaddingItemDecoration.class	HIT	com/wego/android/component/PaddingItemDecoration.class
fileFilter	**/PaddingItemDecoration$*.class	HIT	com/wego/android/component/PaddingItemDecoration$Inner.class
fileFilter	**/RecyclerViewDivider.class	HIT	com/wego/android/component/RecyclerViewDivider.class
fileFilter	**/RecyclerViewDivider$*.class	HIT	com/wego/android/component/RecyclerViewDivider$Inner.class
fileFilter	**/ReviewScoreSlider.class	HIT	com/wego/android/component/ReviewScoreSlider.class
fileFilter	**/ReviewScoreSlider$*.class	HIT	com/wego/android/component/ReviewScoreSlider$Inner.class
fileFilter	**/RangeSeekBar2.class	HIT	com/wego/android/component/RangeSeekBar2.class
fileFilter	**/RangeSeekBar2$*.class	HIT	com/wego/android/component/RangeSeekBar2$Inner.class
fileFilter	**/EdgesAwareFrameLayout.class	HIT	com/wego/android/component/EdgesAwareFrameLayout.class
fileFilter	**/EdgesAwareFrameLayout$*.class	HIT	com/wego/android/component/EdgesAwareFrameLayout$Inner.class
fileFilter	**/FixAppBarLayoutBehavior.class	HIT	com/wego/android/component/FixAppBarLayoutBehavior.class
fileFilter	**/FixAppBarLayoutBehavior$*.class	HIT	com/wego/android/component/FixAppBarLayoutBehavior$Inner.class
fileFilter	**/ProgressBarAnimation.class	HIT	com/wego/android/component/ProgressBarAnimation.class
fileFilter	**/ProgressBarAnimation$*.class	HIT	com/wego/android/component/ProgressBarAnimation$Inner.class
fileFilter	**/PublicCalendarBottomOptionBar.class	HIT	com/wego/android/component/PublicCalendarBottomOptionBar.class
fileFilter	**/PublicCalendarBottomOptionBar$*.class	HIT	com/wego/android/component/PublicCalendarBottomOptionBar$Inner.class
fileFilter	**/ResultBottomOptionBar.class	HIT	com/wego/android/component/ResultBottomOptionBar.class
fileFilter	**/ResultBottomOptionBar$*.class	HIT	com/wego/android/component/ResultBottomOptionBar$Inner.class
fileFilter	**/ResultBottomOptionBarFlights.class	HIT	com/wego/android/component/ResultBottomOptionBarFlights.class
fileFilter	**/ResultBottomOptionBarFlights$*.class	HIT	com/wego/android/component/ResultBottomOptionBarFlights$Inner.class
fileFilter	**/BottomOrangeButton.class	HIT	com/wego/android/component/BottomOrangeButton.class
fileFilter	**/BottomOrangeButton$*.class	HIT	com/wego/android/component/BottomOrangeButton$Inner.class
fileFilter	**/NonScrollableRecyclerView.class	DEAD	
fileFilter	**/NonScrollableRecyclerView$*.class	DEAD	
fileFilter	**/StickyScrollView.class	HIT	com/wego/android/component/stickyscrollview/ui/StickyScrollView.class
fileFilter	**/StickyScrollView$*.class	HIT	com/wego/android/component/stickyscrollview/ui/StickyScrollView$Inner.class
fileFilter	**/WegoActionBar.class	HIT	com/wego/android/component/WegoActionBar.class
fileFilter	**/WegoActionBar$*.class	HIT	com/wego/android/component/WegoActionBar$Inner.class
fileFilter	**/WegoWebView.class	HIT	com/wego/android/component/WegoWebView.class
fileFilter	**/WegoWebView$*.class	HIT	com/wego/android/component/WegoWebView$Inner.class
fileFilter	**/BubbleDrawable.class	HIT	com/wego/android/component/BubbleDrawable.class
fileFilter	**/BubbleDrawable$*.class	HIT	com/wego/android/component/BubbleDrawable$Inner.class
fileFilter	**/BubblePillDrawable.class	HIT	com/wego/android/component/BubblePillDrawable.class
fileFilter	**/BubblePillDrawable$*.class	HIT	com/wego/android/component/BubblePillDrawable$Inner.class
fileFilter	**/HalfRoundedImageView.class	HIT	com/wego/android/component/HalfRoundedImageView.class
fileFilter	**/HalfRoundedImageView$*.class	HIT	com/wego/android/component/HalfRoundedImageView$Inner.class
fileFilter	**/HalfCorneredImageView.class	HIT	com/wego/android/component/HalfCorneredImageView.class
fileFilter	**/HalfCorneredImageView$*.class	HIT	com/wego/android/component/HalfCorneredImageView$Inner.class
fileFilter	**/ResultListView.class	HIT	com/wego/android/component/ResultListView.class
fileFilter	**/ResultListView$*.class	HIT	com/wego/android/component/ResultListView$Inner.class
fileFilter	**/OverScrollListView.class	HIT	com/wego/android/component/OverScrollListView.class
fileFilter	**/OverScrollListView$*.class	HIT	com/wego/android/component/OverScrollListView$Inner.class
fileFilter	**/PopupWindows.class	HIT	com/wego/android/component/PopupWindows.class
fileFilter	**/PopupWindows$*.class	HIT	com/wego/android/component/PopupWindows$Inner.class
fileFilter	**/CustomClickLinearLayout.class	HIT	com/wego/android/component/CustomClickLinearLayout.class
fileFilter	**/CustomClickLinearLayout$*.class	HIT	com/wego/android/component/CustomClickLinearLayout$Inner.class
fileFilter	**/OfferSubofferComponent.class	HIT	com/wego/android/component/OfferSubofferComponent.class
fileFilter	**/OfferSubofferComponent$*.class	HIT	com/wego/android/component/OfferSubofferComponent$Inner.class
fileFilter	**/LeftDrawableOnTouchListener.class	HIT	com/wego/android/component/LeftDrawableOnTouchListener.class
fileFilter	**/LeftDrawableOnTouchListener$*.class	HIT	com/wego/android/component/LeftDrawableOnTouchListener$Inner.class
fileFilter	**/RightDrawableOnTouchListener.class	HIT	com/wego/android/component/RightDrawableOnTouchListener.class
fileFilter	**/RightDrawableOnTouchListener$*.class	HIT	com/wego/android/component/RightDrawableOnTouchListener$Inner.class
fileFilter	**/MulticityAppbarLayoutBehavior.class	HIT	com/wego/android/component/MulticityAppbarLayoutBehavior.class
fileFilter	**/MulticityAppbarLayoutBehavior$*.class	HIT	com/wego/android/component/MulticityAppbarLayoutBehavior$Inner.class
fileFilter	**/WButton.*	HIT	com/wego/android/designsystem/WButton.class
fileFilter	**/WButtonCatalog.*	HIT	com/wego/android/designsystem/WButtonCatalog.class
fileFilter	**/WButtonTokens.*	HIT	com/wego/android/designsystem/WButtonTokens.class
fileFilter	**/WButtonView.*	HIT	com/wego/android/designsystem/WButtonView.class
fileFilter	**/WCheckbox.*	HIT	com/wego/android/designsystem/WCheckbox.class
fileFilter	**/WCheckboxCatalog.*	HIT	com/wego/android/designsystem/WCheckboxCatalog.class
fileFilter	**/WCheckboxTokens.*	HIT	com/wego/android/designsystem/WCheckboxTokens.class
fileFilter	**/WCheckboxView.*	HIT	com/wego/android/designsystem/WCheckboxView.class
fileFilter	**/WRadioButtonView.*	HIT	com/wego/android/designsystem/WRadioButtonView.class
fileFilter	**/BookingPaymentOptionSheet.*	HIT	com/wego/android/features/flightdetails/BookingPaymentOptionSheet.class
fileFilter	**/HotelCrossSellBanner.*	HIT	com/wego/android/home/features/hotelcrosssellbanner/HotelCrossSellBanner.class
fileFilter	**/expandablerecyclerview/**/*.class	HIT	com/wego/android/expandablerecyclerview/ExpandCollapseController.class
fileFilter	**/WegoConfig.class	HIT	com/wego/android/data/configs/WegoConfig.class
fileFilter	**/WegoConfig$*.class	HIT	com/wego/android/data/configs/WegoConfig$Inner.class
fileFilter	**/CoreConfig.class	HIT	com/wego/android/util/CoreConfig.class
fileFilter	**/CoreConfig$*.class	HIT	com/wego/android/util/CoreConfig$Inner.class
fileFilter	**/RemoteConfig.class	HIT	com/wego/android/util/RemoteConfig.class
fileFilter	**/RemoteConfig$*.class	HIT	com/wego/android/util/RemoteConfig$Inner.class
fileFilter	**/WegoUIUtilLib.class	HIT	com/wego/android/util/WegoUIUtilLib.class
fileFilter	**/WegoUIUtilLib$*.class	HIT	com/wego/android/util/WegoUIUtilLib$Inner.class
fileFilter	**/WegoUIUtils.class	HIT	com/wego/android/util/WegoUIUtils.class
fileFilter	**/WegoUIUtils$*.class	HIT	com/wego/android/util/WegoUIUtils$Inner.class
fileFilter	**/WegoUIUtilsKt.class	HIT	com/wego/android/util/WegoUIUtilsKt.class
fileFilter	**/WegoUIUtil.class	HIT	com/wego/android/util/WegoUIUtil.class
fileFilter	**/WegoUIUtil$*.class	HIT	com/wego/android/util/WegoUIUtil$Inner.class
fileFilter	**/WegoFontUtils.class	HIT	com/wego/android/util/WegoFontUtils.class
fileFilter	**/WegoFontUtils$*.class	HIT	com/wego/android/util/WegoFontUtils$Inner.class
fileFilter	**/WegoFontUtilsKt.class	HIT	com/wego/android/util/WegoFontUtilsKt.class
fileFilter	**/ImageLoaderUtils.class	HIT	com/wego/android/util/ImageLoaderUtils.class
fileFilter	**/ImageLoaderUtils$*.class	HIT	com/wego/android/util/ImageLoaderUtils$Inner.class
fileFilter	**/ImageLoaderUtilsKt.class	HIT	com/wego/android/util/ImageLoaderUtilsKt.class
fileFilter	**/GlideUtilsLib.class	HIT	com/wego/android/util/GlideUtilsLib.class
fileFilter	**/GlideUtilsLib$*.class	HIT	com/wego/android/util/GlideUtilsLib$Inner.class
fileFilter	**/CloudinaryImageUtilLib.class	HIT	com/wego/android/util/CloudinaryImageUtilLib.class
fileFilter	**/CloudinaryImageUtilLib$*.class	HIT	com/wego/android/util/CloudinaryImageUtilLib$Inner.class
fileFilter	**/WegoDeviceUtils.class	HIT	com/wego/android/util/WegoDeviceUtils.class
fileFilter	**/WegoDeviceUtils$*.class	HIT	com/wego/android/util/WegoDeviceUtils$Inner.class
fileFilter	**/WegoDeviceUtilsKt.class	HIT	com/wego/android/util/WegoDeviceUtilsKt.class
fileFilter	**/GeoUtilBase.class	HIT	com/wego/android/util/GeoUtilBase.class
fileFilter	**/GeoUtilBase$*.class	HIT	com/wego/android/util/GeoUtilBase$Inner.class
fileFilter	**/GeoUtil.class	HIT	com/wego/android/util/GeoUtil.class
fileFilter	**/GeoUtil$*.class	HIT	com/wego/android/util/GeoUtil$Inner.class
fileFilter	**/GMSUtils.class	HIT	com/wego/android/util/GMSUtils.class
fileFilter	**/GMSUtils$*.class	HIT	com/wego/android/util/GMSUtils$Inner.class
fileFilter	**/PermissionUtil.class	HIT	com/wego/android/util/PermissionUtil.class
fileFilter	**/PermissionUtil$*.class	HIT	com/wego/android/util/PermissionUtil$Inner.class
fileFilter	**/PermissionUtilKt.class	HIT	com/wego/android/util/PermissionUtilKt.class
fileFilter	**/SystemBarTintManager.class	HIT	com/wego/android/util/SystemBarTintManager.class
fileFilter	**/SystemBarTintManager$*.class	HIT	com/wego/android/util/SystemBarTintManager$Inner.class
fileFilter	**/ActivityHelperBase.class	HIT	com/wego/android/util/ActivityHelperBase.class
fileFilter	**/ActivityHelperBase$*.class	HIT	com/wego/android/util/ActivityHelperBase$Inner.class
fileFilter	**/ActivityHelperMain.class	HIT	com/wego/android/util/ActivityHelperMain.class
fileFilter	**/ActivityHelperMain$*.class	HIT	com/wego/android/util/ActivityHelperMain$Inner.class
fileFilter	**/ActivityUtils.class	HIT	com/wego/android/util/ActivityUtils.class
fileFilter	**/ActivityUtils$*.class	HIT	com/wego/android/util/ActivityUtils$Inner.class
fileFilter	**/ManualFrameAnimator.class	HIT	com/wego/android/util/ManualFrameAnimator.class
fileFilter	**/ManualFrameAnimator$*.class	HIT	com/wego/android/util/ManualFrameAnimator$Inner.class
fileFilter	**/ConnectionStateMonitor.class	HIT	com/wego/android/util/ConnectionStateMonitor.class
fileFilter	**/ConnectionStateMonitor$*.class	HIT	com/wego/android/util/ConnectionStateMonitor$Inner.class
fileFilter	**/AppRater.class	HIT	com/wego/android/util/AppRater.class
fileFilter	**/AppRater$*.class	HIT	com/wego/android/util/AppRater$Inner.class
fileFilter	**/Debounce.class	HIT	com/wego/android/util/Debounce.class
fileFilter	**/Debounce$*.class	HIT	com/wego/android/util/Debounce$Inner.class
fileFilter	**/WegoCacheUtility.class	HIT	com/wego/android/util/WegoCacheUtility.class
fileFilter	**/WegoCacheUtility$*.class	HIT	com/wego/android/util/WegoCacheUtility$Inner.class
fileFilter	**/WegoCacheUtilityKt.class	HIT	com/wego/android/util/WegoCacheUtilityKt.class
fileFilter	**/WegoCrashlytics.class	HIT	com/wego/android/util/WegoCrashlytics.class
fileFilter	**/WegoCrashlytics$*.class	HIT	com/wego/android/util/WegoCrashlytics$Inner.class
fileFilter	**/WegoCrashlyticsKt.class	HIT	com/wego/android/util/WegoCrashlyticsKt.class
fileFilter	**/WegoFirebasePushUtil.class	HIT	com/wego/android/util/WegoFirebasePushUtil.class
fileFilter	**/WegoFirebasePushUtil$*.class	HIT	com/wego/android/util/WegoFirebasePushUtil$Inner.class
fileFilter	**/WegoFirebasePushUtilKt.class	HIT	com/wego/android/util/WegoFirebasePushUtilKt.class
fileFilter	**/WegoFirebaseIdUtil.class	HIT	com/wego/android/util/WegoFirebaseIdUtil.class
fileFilter	**/WegoFirebaseIdUtil$*.class	HIT	com/wego/android/util/WegoFirebaseIdUtil$Inner.class
fileFilter	**/CustomTabsSupportChecker.class	HIT	com/wego/android/util/CustomTabsSupportChecker.class
fileFilter	**/CustomTabsSupportChecker$*.class	HIT	com/wego/android/util/CustomTabsSupportChecker$Inner.class
fileFilter	**/DeeplinkUtil.class	HIT	com/wego/android/util/DeeplinkUtil.class
fileFilter	**/DeeplinkUtil$*.class	HIT	com/wego/android/util/DeeplinkUtil$Inner.class
fileFilter	**/FlightDeepLinkUtil.class	HIT	com/wego/android/util/FlightDeepLinkUtil.class
fileFilter	**/FlightDeepLinkUtil$*.class	HIT	com/wego/android/util/FlightDeepLinkUtil$Inner.class
fileFilter	**/DeepLinkLastLocation.class	HIT	com/wego/android/util/DeepLinkLastLocation.class
fileFilter	**/DeepLinkLastLocation$*.class	HIT	com/wego/android/util/DeepLinkLastLocation$Inner.class
fileFilter	**/WegoCompetitors.class	HIT	com/wego/android/util/WegoCompetitors.class
fileFilter	**/WegoCompetitors$*.class	HIT	com/wego/android/util/WegoCompetitors$Inner.class
fileFilter	**/WegoShopcashUtil.class	HIT	com/wego/android/util/WegoShopcashUtil.class
fileFilter	**/WegoShopcashUtil$*.class	HIT	com/wego/android/util/WegoShopcashUtil$Inner.class
fileFilter	**/WegoAuthImpl.class	HIT	com/wego/android/util/WegoAuthImpl.class
fileFilter	**/WegoAuthImpl$*.class	HIT	com/wego/android/util/WegoAuthImpl$Inner.class
fileFilter	**/DevSettingUtil.class	HIT	com/wego/android/util/DevSettingUtil.class
fileFilter	**/DevSettingUtil$*.class	HIT	com/wego/android/util/DevSettingUtil$Inner.class
fileFilter	**/MiniAppConfig.class	HIT	com/wego/android/util/MiniAppConfig.class
fileFilter	**/MiniAppConfig$*.class	HIT	com/wego/android/util/MiniAppConfig$Inner.class
fileFilter	**/InstantApps.class	HIT	com/wego/android/util/InstantApps.class
fileFilter	**/InstantApps$*.class	HIT	com/wego/android/util/InstantApps$Inner.class
fileFilter	**/SafeClickListener.class	HIT	com/wego/android/util/SafeClickListener.class
fileFilter	**/SafeClickListener$*.class	HIT	com/wego/android/util/SafeClickListener$Inner.class
fileFilter	**/OnBoardingVariantAssignmentUtils.class	HIT	com/wego/android/util/OnBoardingVariantAssignmentUtils.class
fileFilter	**/OnBoardingVariantAssignmentUtils$*.class	HIT	com/wego/android/util/OnBoardingVariantAssignmentUtils$Inner.class
fileFilter	**/WegoOnCurrencyClient.class	HIT	com/wego/android/util/WegoOnCurrencyClient.class
fileFilter	**/WegoOnCurrencyClient$*.class	HIT	com/wego/android/util/WegoOnCurrencyClient$Inner.class
fileFilter	**/PaymentsUtil.class	HIT	com/wego/android/util/PaymentsUtil.class
fileFilter	**/PaymentsUtil$*.class	HIT	com/wego/android/util/PaymentsUtil$Inner.class
fileFilter	**/PushCallback.class	HIT	com/wego/android/util/PushCallback.class
fileFilter	**/PushCallback$*.class	HIT	com/wego/android/util/PushCallback$Inner.class
fileFilter	**/SingleLiveEvent.class	HIT	com/wego/android/util/SingleLiveEvent.class
fileFilter	**/SingleLiveEvent$*.class	HIT	com/wego/android/util/SingleLiveEvent$Inner.class
fileFilter	**/WegoLogger.class	HIT	com/wego/android/util/WegoLogger.class
fileFilter	**/WegoLogger$*.class	HIT	com/wego/android/util/WegoLogger$Inner.class
fileFilter	**/JavaFlowCollector.class	HIT	com/wego/android/util/JavaFlowCollector.class
fileFilter	**/JavaFlowCollector$*.class	HIT	com/wego/android/util/JavaFlowCollector$Inner.class
fileFilter	**/FirebasePushTokenCallback.class	DEAD	
fileFilter	**/FirebasePushTokenCallback$*.class	DEAD	
fileFilter	**/CustomTypefaceSpan.class	HIT	com/wego/android/util/CustomTypefaceSpan.class
fileFilter	**/CustomTypefaceSpan$*.class	HIT	com/wego/android/util/CustomTypefaceSpan$Inner.class
fileFilter	**/Experiment.class	HIT	com/wego/android/util/Experiment.class
fileFilter	**/Experiment$*.class	HIT	com/wego/android/util/Experiment$Inner.class
fileFilter	**/ExperimentKt.class	HIT	com/wego/android/util/ExperimentKt.class
fileFilter	**/DownloadUtil.class	HIT	com/wego/android/util/DownloadUtil.class
fileFilter	**/DownloadUtil$*.class	HIT	com/wego/android/util/DownloadUtil$Inner.class
fileFilter	**/FacilitatedBookingUtil.class	HIT	com/wego/android/util/FacilitatedBookingUtil.class
fileFilter	**/FacilitatedBookingUtil$*.class	HIT	com/wego/android/util/FacilitatedBookingUtil$Inner.class
fileFilter	**/SliceUtil.class	HIT	com/wego/android/util/SliceUtil.class
fileFilter	**/SliceUtil$*.class	HIT	com/wego/android/util/SliceUtil$Inner.class
fileFilter	**/AdUtils.class	HIT	com/wego/android/util/AdUtils.class
fileFilter	**/AdUtils$*.class	HIT	com/wego/android/util/AdUtils$Inner.class
fileFilter	**/WegoAdListener.class	HIT	com/wego/android/util/WegoAdListener.class
fileFilter	**/WegoAdListener$*.class	HIT	com/wego/android/util/WegoAdListener$Inner.class
fileFilter	**/WegoUtil.class	HIT	com/wego/android/util/WegoUtil.class
fileFilter	**/WegoUtil$*.class	HIT	com/wego/android/util/WegoUtil$Inner.class
fileFilter	**/FileDownloader.class	HIT	com/wego/android/data/apis/FileDownloader.class
fileFilter	**/FileDownloader$*.class	HIT	com/wego/android/data/apis/FileDownloader$Inner.class
fileFilter	**/HotelResultCache.class	HIT	com/wego/android/util/HotelResultCache.class
fileFilter	**/HotelResultCache$*.class	HIT	com/wego/android/util/HotelResultCache$Inner.class
fileFilter	**/BookingConfirmationScreenListener.class	HIT	com/wego/android/util/BookingConfirmationScreenListener.class
fileFilter	**/BookingConfirmationScreenListener$*.class	HIT	com/wego/android/util/BookingConfirmationScreenListener$Inner.class
fileFilter	**/BookingConfirmationScreenListenerKt.class	HIT	com/wego/android/util/BookingConfirmationScreenListenerKt.class
fileFilter	**/FlightCalendarCache.class	HIT	com/wego/android/features/publicholiday/FlightCalendarCache.class
fileFilter	**/FlightCalendarCache$*.class	HIT	com/wego/android/features/publicholiday/FlightCalendarCache$Inner.class
fileFilter	**/ActivityLifecycleCallbacksHandler.class	HIT	com/wego/android/sift/ActivityLifecycleCallbacksHandler.class
fileFilter	**/ActivityLifecycleCallbacksHandler$*.class	HIT	com/wego/android/sift/ActivityLifecycleCallbacksHandler$Inner.class
fileFilter	**/AbstractPresenter.class	HIT	com/wego/android/features/common/presenters/AbstractPresenter.class
fileFilter	**/AbstractPresenter$*.class	HIT	com/wego/android/features/common/presenters/AbstractPresenter$Inner.class
fileFilter	**/StickyScrollPresenter.class	HIT	com/wego/android/component/stickyscrollview/ui/presenter/StickyScrollPresenter.class
fileFilter	**/StickyScrollPresenter$*.class	HIT	com/wego/android/component/stickyscrollview/ui/presenter/StickyScrollPresenter$Inner.class
fileFilter	**/PaymentTypesPresenter.class	HIT	com/wego/android/features/settings/paymenttypes/PaymentTypesPresenter.class
fileFilter	**/PaymentTypesPresenter$*.class	HIT	com/wego/android/features/settings/paymenttypes/PaymentTypesPresenter$Inner.class
fileFilter	**/ExternalWebpagePresenter.class	HIT	com/wego/android/features/externalwebpage/ExternalWebpagePresenter.class
fileFilter	**/ExternalWebpagePresenter$*.class	HIT	com/wego/android/features/externalwebpage/ExternalWebpagePresenter$Inner.class
fileFilter	**/StoriesActivityInteractor.class	HIT	com/wego/android/features/stories/StoriesActivityInteractor.class
fileFilter	**/StoriesActivityInteractor$*.class	HIT	com/wego/android/features/stories/StoriesActivityInteractor$Inner.class
fileFilter	**/AnimationFactory.class	HIT	com/wego/android/animation/AnimationFactory.class
fileFilter	**/AnimationFactory$*.class	HIT	com/wego/android/animation/AnimationFactory$Inner.class
fileFilter	**/FlipAnimation.class	HIT	com/wego/android/animation/FlipAnimation.class
fileFilter	**/FlipAnimation$*.class	HIT	com/wego/android/animation/FlipAnimation$Inner.class
fileFilter	**/BitmapHelper.class	HIT	com/wego/android/features/hotelsearchresults/maputil/BitmapHelper.class
fileFilter	**/BitmapHelper$*.class	HIT	com/wego/android/features/hotelsearchresults/maputil/BitmapHelper$Inner.class
fileFilter	**/glide/**/*.class	HIT	com/wego/android/managers/glide/SvgDecoder.class
fileFilter	**/sift/**/*.class	HIT	com/wego/android/sift/ActivityLifecycleCallbacksHandler.class
fileFilter	**/maputil/**/*.class	HIT	com/wego/android/features/hotelsearchresults/maputil/BitmapHelper.class
fileFilter	**/HandoffAutoFill/**/*.class	HIT	com/wego/android/HandoffAutoFill/AutoFiller.class
fileFilter	**/Airtickets24Filler.class	HIT	com/wego/android/HandoffAutoFill/Fillers/Airtickets24Filler.class
fileFilter	**/Airtickets24Filler$*.class	HIT	com/wego/android/HandoffAutoFill/Fillers/Airtickets24Filler$Inner.class
fileFilter	**/BookingcomFiller.class	HIT	com/wego/android/HandoffAutoFill/Fillers/BookingcomFiller.class
fileFilter	**/BookingcomFiller$*.class	HIT	com/wego/android/HandoffAutoFill/Fillers/BookingcomFiller$Inner.class
fileFilter	**/NusatripFiller.class	HIT	com/wego/android/HandoffAutoFill/Fillers/NusatripFiller.class
fileFilter	**/NusatripFiller$*.class	HIT	com/wego/android/HandoffAutoFill/Fillers/NusatripFiller$Inner.class
fileFilter	**/AutoFiller.class	HIT	com/wego/android/HandoffAutoFill/AutoFiller.class
fileFilter	**/AutoFiller$*.class	HIT	com/wego/android/HandoffAutoFill/AutoFiller$Inner.class
fileFilter	**/SectionGeneralLoader.class	HIT	com/wego/android/dynamic/SectionGeneralLoader.class
fileFilter	**/SectionGeneralLoader$*.class	HIT	com/wego/android/dynamic/SectionGeneralLoader$Inner.class
fileFilter	**/Widget123.class	HIT	com/wego/android/dynamic/Widget123.class
fileFilter	**/Widget123$*.class	HIT	com/wego/android/dynamic/Widget123$Inner.class
fileFilter	**/IFragmentNavListener.class	HIT	com/wego/android/component/IFragmentNavListener.class
fileFilter	**/IFragmentNavListener$*.class	HIT	com/wego/android/component/IFragmentNavListener$Inner.class
fileFilter	**/IWegoActionBar.class	HIT	com/wego/android/component/IWegoActionBar.class
fileFilter	**/IWegoActionBar$*.class	HIT	com/wego/android/component/IWegoActionBar$Inner.class
fileFilter	**/DatePickerController.class	HIT	com/wego/android/calendar/DatePickerController.class
fileFilter	**/DatePickerController$*.class	HIT	com/wego/android/calendar/DatePickerController$Inner.class
fileFilter	**/WebAppInterface.class	HIT	com/wego/android/activities/WebAppInterface.class
fileFilter	**/WebAppInterface$*.class	HIT	com/wego/android/activities/WebAppInterface$Inner.class
fileFilter	**/IScrollViewListener.class	HIT	com/wego/android/component/stickyscrollview/ui/interfaces/IScrollViewListener.class
fileFilter	**/IScrollViewListener$*.class	HIT	com/wego/android/component/stickyscrollview/ui/interfaces/IScrollViewListener$Inner.class
fileFilter	**/PropertySetter.class	HIT	com/wego/android/component/stickyscrollview/ui/PropertySetter.class
fileFilter	**/PropertySetter$*.class	HIT	com/wego/android/component/stickyscrollview/ui/PropertySetter$Inner.class
fileFilter	**/ScreenInfoProvider.class	HIT	com/wego/android/component/stickyscrollview/provider/ScreenInfoProvider.class
fileFilter	**/ScreenInfoProvider$*.class	HIT	com/wego/android/component/stickyscrollview/provider/ScreenInfoProvider$Inner.class
fileFilter	**/ResourceProvider.class	HIT	com/wego/android/component/stickyscrollview/provider/ResourceProvider.class
fileFilter	**/ResourceProvider$*.class	HIT	com/wego/android/component/stickyscrollview/provider/ResourceProvider$Inner.class
fileFilter	**/ContactUsContract.class	HIT	com/wego/android/features/contactus/ContactUsContract.class
fileFilter	**/ContactUsContract$*.class	HIT	com/wego/android/features/contactus/ContactUsContract$Inner.class
fileFilter	**/FlightDetailsContract.class	HIT	com/wego/android/features/flightdetails/FlightDetailsContract.class
fileFilter	**/FlightDetailsContract$*.class	HIT	com/wego/android/features/flightdetails/FlightDetailsContract$Inner.class
fileFilter	**/BaseFilterMenuItem.class	HIT	com/wego/android/adapters/BaseFilterMenuItem.class
fileFilter	**/BaseFilterMenuItem$*.class	HIT	com/wego/android/adapters/BaseFilterMenuItem$Inner.class
fileFilter	**/SegmentRepository.class	HIT	com/wego/android/personalization/data/repository/SegmentRepository.class
fileFilter	**/SegmentRepository$*.class	HIT	com/wego/android/personalization/data/repository/SegmentRepository$Inner.class
fileFilter	**/PersonalizationRepository.class	HIT	com/wego/android/personalization/domain/repository/PersonalizationRepository.class
fileFilter	**/PersonalizationRepository$*.class	HIT	com/wego/android/personalization/domain/repository/PersonalizationRepository$Inner.class
fileFilter	**/MeiroApiService.class	HIT	com/wego/android/personalization/data/api/MeiroApiService.class
fileFilter	**/MeiroApiService$*.class	HIT	com/wego/android/personalization/data/api/MeiroApiService$Inner.class
fileFilter	**/PersonalizationApiService.class	HIT	com/wego/android/personalization/data/api/PersonalizationApiService.class
fileFilter	**/PersonalizationApiService$*.class	HIT	com/wego/android/personalization/data/api/PersonalizationApiService$Inner.class
fileFilter	**/RepositoryFactory.class	HIT	com/wego/android/data/repositories/RepositoryFactory.class
fileFilter	**/RepositoryFactory$*.class	HIT	com/wego/android/data/repositories/RepositoryFactory$Inner.class
fileFilter	**/PlacesRepository.class	HIT	com/wego/android/data/repositories/PlacesRepository.class
fileFilter	**/PlacesRepository$*.class	HIT	com/wego/android/data/repositories/PlacesRepository$Inner.class
fileFilter	**/RoomRepository.class	HIT	com/wego/android/data/repositories/RoomRepository.class
fileFilter	**/RoomRepository$*.class	HIT	com/wego/android/data/repositories/RoomRepository$Inner.class
fileFilter	**/TravelThemesRepository.class	HIT	com/wego/android/data/repositories/TravelThemesRepository.class
fileFilter	**/TravelThemesRepository$*.class	HIT	com/wego/android/data/repositories/TravelThemesRepository$Inner.class
fileFilter	**/SplashRepository.class	HIT	com/wego/android/data/repositories/SplashRepository.class
fileFilter	**/SplashRepository$*.class	HIT	com/wego/android/data/repositories/SplashRepository$Inner.class
fileFilter	**/LoginSignUpRepository.class	HIT	com/wego/android/data/repositories/LoginSignUpRepository.class
fileFilter	**/LoginSignUpRepository$*.class	HIT	com/wego/android/data/repositories/LoginSignUpRepository$Inner.class
fileFilter	**/FlightRecentSearchRepository.class	HIT	com/wego/android/data/repositories/FlightRecentSearchRepository.class
fileFilter	**/FlightRecentSearchRepository$*.class	HIT	com/wego/android/data/repositories/FlightRecentSearchRepository$Inner.class
fileFilter	**/HotelRecentSearchRepository.class	HIT	com/wego/android/data/repositories/HotelRecentSearchRepository.class
fileFilter	**/HotelRecentSearchRepository$*.class	HIT	com/wego/android/data/repositories/HotelRecentSearchRepository$Inner.class
fileFilter	**/CountriesRepository.class	HIT	com/wego/android/data/repositories/CountriesRepository.class
fileFilter	**/CountriesRepository$*.class	HIT	com/wego/android/data/repositories/CountriesRepository$Inner.class
fileFilter	**/PaymentMethodRepository.class	HIT	com/wego/android/data/repositories/PaymentMethodRepository.class
fileFilter	**/PaymentMethodRepository$*.class	HIT	com/wego/android/data/repositories/PaymentMethodRepository$Inner.class
fileFilter	**/ContactUsRepository.class	HIT	com/wego/android/data/repositories/ContactUsRepository.class
fileFilter	**/ContactUsRepository$*.class	HIT	com/wego/android/data/repositories/ContactUsRepository$Inner.class
fileFilter	**/SliceRepository.class	HIT	com/wego/android/data/repositories/SliceRepository.class
fileFilter	**/SliceRepository$*.class	HIT	com/wego/android/data/repositories/SliceRepository$Inner.class
fileFilter	**/OffersDataSource.class	HIT	com/wego/android/data/sources/OffersDataSource.class
fileFilter	**/OffersDataSource$*.class	HIT	com/wego/android/data/sources/OffersDataSource$Inner.class
fileFilter	**/OffersDataFactory.class	HIT	com/wego/android/data/factories/OffersDataFactory.class
fileFilter	**/OffersDataFactory$*.class	HIT	com/wego/android/data/factories/OffersDataFactory$Inner.class
fileFilter	**/WegoDatabase.class	HIT	com/wego/android/data/daos/WegoDatabase.class
fileFilter	**/WegoDatabase$*.class	HIT	com/wego/android/data/daos/WegoDatabase$Inner.class
fileFilter	**/WegoDatabase_*.class	DEAD	
fileFilter	**/bow/ui/**/*.class	HIT	com/wego/android/bow/ui/BOWActivity.class
fileFilter	**/hotels/**/component/**/*.class	DEAD	
fileFilter	**/hotelfeaturesv2/component/**/*.class	HIT	com/wego/android/hotelfeaturesv2/component/AutoExpandGridView.class
fileFilter	**/hotelfeaturesv2/**/component/**/*.class	HIT	com/wego/android/hotelfeaturesv2/component/AutoExpandGridView.class
fileFilter	**/*SkeletonLoader.class	HIT	com/wego/android/bowflight/ui/payment/PaymentMethodSkeletonLoader.class
fileFilter	**/*SkeletonLoader$*.class	HIT	com/wego/android/bowflight/ui/payment/PaymentMethodSkeletonLoader$Inner.class
fileFilter	**/*SkeletonLoaderKt.class	HIT	com/wego/android/bowflight/ui/payment/PaymentMethodSkeletonLoaderKt.class
fileFilter	**/*SkeletonLoaderKt$*.class	HIT	com/wego/android/bowflight/ui/payment/PaymentMethodSkeletonLoaderKt$Inner.class
fileFilter	**/*ShimmerLoader.class	HIT	com/wego/android/features/offersv2/OffersShimmerLoader.class
fileFilter	**/*ShimmerLoader$*.class	HIT	com/wego/android/features/offersv2/OffersShimmerLoader$Inner.class
fileFilter	**/*ShimmerLoaderKt.class	HIT	com/wego/android/features/offersv2/OffersShimmerLoaderKt.class
fileFilter	**/*ShimmerLoaderKt$*.class	HIT	com/wego/android/features/offersv2/OffersShimmerLoaderKt$Inner.class
fileFilter	**/hotelreviewsv2/guestreviews/**/*.class	HIT	com/wego/android/features/hotelreviewsv2/guestreviews/EmptyGuestReviewSection.class
fileFilter	**/hotelreviewsv2/reviewsearch/**/*.class	HIT	com/wego/android/features/hotelreviewsv2/reviewsearch/ReviewSearchInput.class
fileFilter	**/hotelreviewsv2/categoryrating/**/*.class	HIT	com/wego/android/features/hotelreviewsv2/categoryrating/CategoryRatingSection.class
fileFilter	**/hotelreviewsv2/guestrating/**/*.class	HIT	com/wego/android/features/hotelreviewsv2/guestrating/HotelGuestRatingSkeletonLoader.class
fileFilter	**/hotelfeaturesv2/features/hoteldetails/aisummary/**/*.class	HIT	com/wego/android/hotelfeaturesv2/features/hoteldetails/aisummary/AiHotelChatFragment.class
fileFilter	**/*ScrollListener.class	HIT	com/wego/android/adapters/SnapOnScrollListener.class
fileFilter	**/*ScrollListener$*.class	HIT	com/wego/android/adapters/SnapOnScrollListener$Inner.class
fileFilter	**/*ItemDecoration.class	HIT	com/wego/android/component/GridSpacingItemDecoration.class
fileFilter	**/*ItemDecoration$*.class	HIT	com/wego/android/component/GridSpacingItemDecoration$Inner.class
fileFilter	**/features/flytoanywhere/ui/**/*.class	HIT	com/wego/android/features/flytoanywhere/ui/compose/CachedAsyncImage.class
fileFilter	**/bowflight/ui/**/*.class	HIT	com/wego/android/bowflight/ui/BowFlightRouter.class
fileFilter	**/bowflight/components/**/*.class	HIT	com/wego/android/bowflight/components/LineDividers.class
fileFilter	**/flights/**/component/**/*.class	DEAD	
fileFilter	**/flights/**/components/**/*.class	DEAD	
fileFilter	**/WegoPartnerRatingStarView.class	HIT	com/wego/android/components/WegoPartnerRatingStarView.class
fileFilter	**/WegoPartnerRatingStarView$*.class	HIT	com/wego/android/components/WegoPartnerRatingStarView$Inner.class
fileFilter	**/features/flightsearch/component/**/*.class	HIT	com/wego/android/features/flightsearch/component/MulticityPlaceRow.class
fileFilter	**/multicity/**/component/**/*.class	DEAD	
fileFilter	**/WegoPartnerRatingStarView.class	HIT	com/wego/android/components/WegoPartnerRatingStarView.class
fileFilter	**/WegoPartnerRatingStarView$*.class	HIT	com/wego/android/components/WegoPartnerRatingStarView$Inner.class
fileFilter	**/RoundTripView.class	HIT	com/wego/android/ui_utils/RoundTripView.class
fileFilter	**/RoundTripView$*.class	HIT	com/wego/android/ui_utils/RoundTripView$Inner.class
fileFilter	**/PLHorizontalCard.class	HIT	com/wego/android/component/PLHorizontalCard.class
fileFilter	**/PLHorizontalCard$*.class	HIT	com/wego/android/component/PLHorizontalCard$Inner.class
fileFilter	**/wegopayments/ui/**/*.class	HIT	com/wego/android/wegopayments/ui/PaymentOptionDisplay.class
fileFilter	**/homebase/components/**/*.class	HIT	com/wego/android/homebase/components/EmptyStateView.class
fileFilter	**/homebase/miniapp/**/*.class	HIT	com/wego/android/homebase/miniapp/BaseMiniAppFragment.class
fileFilter	**/homebase/features/qibla/compass/CompassView.class	HIT	com/wego/android/homebase/features/qibla/compass/CompassView.class
fileFilter	**/homebase/features/qibla/compass/CompassView$*.class	HIT	com/wego/android/homebase/features/qibla/compass/CompassView$Inner.class
fileFilter	**/homebase/features/qibla/compass/BaseCompassView.class	HIT	com/wego/android/homebase/features/qibla/compass/BaseCompassView.class
fileFilter	**/homebase/features/qibla/compass/BaseCompassView$*.class	HIT	com/wego/android/homebase/features/qibla/compass/BaseCompassView$Inner.class
fileFilter	**/homebase/model/HomeStoryModel.class	HIT	com/wego/android/homebase/model/HomeStoryModel.class
fileFilter	**/homebase/model/HomeStoryModel$*.class	HIT	com/wego/android/homebase/model/HomeStoryModel$Inner.class
fileFilter	**/homebase/model/HomeSingleImageSectionModel.class	HIT	com/wego/android/homebase/model/HomeSingleImageSectionModel.class
fileFilter	**/homebase/model/HomeSingleImageSectionModel$*.class	HIT	com/wego/android/homebase/model/HomeSingleImageSectionModel$Inner.class
fileFilter	**/homebase/model/HomeOfferModel.class	HIT	com/wego/android/homebase/model/HomeOfferModel.class
fileFilter	**/homebase/model/HomeOfferModel$*.class	HIT	com/wego/android/homebase/model/HomeOfferModel$Inner.class
fileFilter	**/homebase/model/HomePlaceholderModel.class	HIT	com/wego/android/homebase/model/HomePlaceholderModel.class
fileFilter	**/homebase/model/HomePlaceholderModel$*.class	HIT	com/wego/android/homebase/model/HomePlaceholderModel$Inner.class
fileFilter	**/homebase/model/HomeEmptyStateModel.class	HIT	com/wego/android/homebase/model/HomeEmptyStateModel.class
fileFilter	**/homebase/model/HomeEmptyStateModel$*.class	HIT	com/wego/android/homebase/model/HomeEmptyStateModel$Inner.class
fileFilter	**/homebase/model/ExploreEmptyStateModel.class	HIT	com/wego/android/homebase/model/ExploreEmptyStateModel.class
fileFilter	**/homebase/model/ExploreEmptyStateModel$*.class	HIT	com/wego/android/homebase/model/ExploreEmptyStateModel$Inner.class
fileFilter	**/bookinghistory/FlightBookingHistoryCardKt.class	HIT	com/wego/android/bookinghistory/FlightBookingHistoryCardKt.class
fileFilter	**/bookinghistory/FlightBookingHistoryCardKt$*.class	HIT	com/wego/android/bookinghistory/FlightBookingHistoryCardKt$Inner.class
fileFilter	**/bookinghistory/HotelBookingHistoryCardKt.class	HIT	com/wego/android/bookinghistory/HotelBookingHistoryCardKt.class
fileFilter	**/bookinghistory/HotelBookingHistoryCardKt$*.class	HIT	com/wego/android/bookinghistory/HotelBookingHistoryCardKt$Inner.class
fileFilter	**/bookinghistory/FindBookingScreenKt.class	HIT	com/wego/android/bookinghistory/FindBookingScreenKt.class
fileFilter	**/bookinghistory/FindBookingScreenKt$*.class	HIT	com/wego/android/bookinghistory/FindBookingScreenKt$Inner.class
fileFilter	**/bookinghistory/CustomBottomSheetKt.class	HIT	com/wego/android/bookinghistory/CustomBottomSheetKt.class
fileFilter	**/bookinghistory/CustomBottomSheetKt$*.class	HIT	com/wego/android/bookinghistory/CustomBottomSheetKt$Inner.class
fileFilter	**/bookinghistory/common/Utils.class	HIT	com/wego/android/bookinghistory/common/Utils.class
fileFilter	**/bookinghistory/common/Utils$*.class	HIT	com/wego/android/bookinghistory/common/Utils$Inner.class
fileFilter	**/bookinghistory/ui/theme/**/*.class	HIT	com/wego/android/bookinghistory/ui/theme/Color.class
fileFilter	**/bookinghistory/di/**/*.class	HIT	com/wego/android/bookinghistory/di/BookingHistoryComponent.class
fileFilter	**/citydestinationpages/ui/**/*.class	HIT	com/wego/android/citydestinationpages/ui/HeaderMedia.class
fileFilter	**/citydestinationpages/di/**/*.class	HIT	com/wego/android/citydestinationpages/di/DestinationModules.class
fileFilter	**/pricealert/ui/**/*.class	HIT	com/wego/android/pricealert/ui/component/AirlineSelectionBottomSheetView.class
fileFilter	**/onboardingflow/ui/**/*.class	HIT	com/wego/android/onboardingflow/ui/theme/Color.class
fileFilter	**/mytrips/presentation/ui/**/*.class	HIT	com/wego/android/mytrips/presentation/ui/MyTripsScreen.class
fileFilter	**/mytrips/data/model/*.class	HIT	com/wego/android/mytrips/data/model/FlightBookingResponse.class
fileFilter	**/mytrips/data/model/*$*.class	HIT	com/wego/android/mytrips/data/model/FlightBookingResponse$Inner.class
fileFilter	**/mytrips/data/repository/MyTripsRepository.class	HIT	com/wego/android/mytrips/data/repository/MyTripsRepository.class
fileFilter	**/mytrips/domain/usecase/LoginStatusProvider.class	HIT	com/wego/android/mytrips/domain/usecase/LoginStatusProvider.class
fileFilter	**/flexibleairlines/search/ui/**/*.class	HIT	com/wego/android/flexibleairlines/search/ui/FlexFlightSearchAdapter.class
fileFilter	**/bowflightsbase/ui/**/*.class	HIT	com/wego/android/bowflightsbase/ui/pricebreakdown/PriceBreakdown.class
fileFilter	**/*WebView3DSListenerImpl.class	HIT	com/wego/android/bow/paymentwebview/BoWHotelsWebView3DSListenerImpl.class
fileFilter	**/*WebView3DSListenerImpl$*.class	HIT	com/wego/android/bow/paymentwebview/BoWHotelsWebView3DSListenerImpl$Inner.class
fileFilter	**/*Webview3DSListenerImpl.class	HIT	com/wego/android/bowflight/ui/paymentwebview/BoWFlightWebview3DSListenerImpl.class
fileFilter	**/*Webview3DSListenerImpl$*.class	HIT	com/wego/android/bowflight/ui/paymentwebview/BoWFlightWebview3DSListenerImpl$Inner.class
fileFilter	**/generated/callback/**/*.class	DEAD	
fileFilter	**/FontCache.class	HIT	com/wego/android/component/FontCache.class
fileFilter	**/FontCache$*.class	HIT	com/wego/android/component/FontCache$Inner.class
fileFilter	**/FontsManager.class	HIT	com/wego/android/libbase/utils/FontsManager.class
fileFilter	**/FontsManager$*.class	HIT	com/wego/android/libbase/utils/FontsManager$Inner.class
fileFilter	**/FontsManagerKt.class	HIT	com/wego/android/libbase/utils/FontsManagerKt.class
fileFilter	**/Truss.class	HIT	com/wego/android/component/Truss.class
fileFilter	**/Truss$*.class	HIT	com/wego/android/component/Truss$Inner.class
fileFilter	**/*AdsManagerEvent.class	HIT	com/wego/android/eventbus/FlightsAdsManagerEvent.class
fileFilter	**/*AdsManagerEvent$*.class	HIT	com/wego/android/eventbus/FlightsAdsManagerEvent$Inner.class
fileFilter	**/SafeClickListener.class	HIT	com/wego/android/util/SafeClickListener.class
fileFilter	**/SafeClickListener$*.class	HIT	com/wego/android/util/SafeClickListener$Inner.class
fileFilter	**/SafeClickListenerKt.class	HIT	com/wego/android/util/SafeClickListenerKt.class
fileFilter	**/pushtemplates/**/*.class	HIT	com/webengage/pushtemplates/models/TimerStyleData.class
fileFilter	**/PushReceiver.class	HIT	com/wego/android/util/PushReceiver.class
fileFilter	**/PushReceiver$*.class	HIT	com/wego/android/util/PushReceiver$Inner.class
fileFilter	**/InstallReceiver.class	HIT	com/wego/android/util/InstallReceiver.class
fileFilter	**/InstallReceiver$*.class	HIT	com/wego/android/util/InstallReceiver$Inner.class
fileFilter	**/libbasewithcompose/hoteleducationcomponent/**/*.class	HIT	com/wego/android/libbasewithcompose/hoteleducationcomponent/GuestHotelUpSellComponent.class
fileFilter	**/libbasewithcompose/uicomponents/**/*.class	HIT	com/wego/android/libbasewithcompose/uicomponents/AppBarWithBack.class
fileFilter	**/libbasewithcompose/bottomsheets/**/*.class	HIT	com/wego/android/libbasewithcompose/bottomsheets/BottomSheetFlightSearchForcedLogin.class
fileFilter	**/analyticsv3/PageView.class	HIT	com/wego/android/analyticsv3/PageView.class
fileFilter	**/analyticsv3/PageView$*.class	HIT	com/wego/android/analyticsv3/PageView$Inner.class
fileFilter	**/analyticsv3/SessionView.class	HIT	com/wego/android/analyticsv3/SessionView.class
fileFilter	**/analyticsv3/SessionView$*.class	HIT	com/wego/android/analyticsv3/SessionView$Inner.class
fileFilter	**/materialedittext/**/*.class	HIT	com/rengwuxian/materialedittext/Colors.class
fileFilter	**/wcalander/**/*.class	HIT	com/wego/android/wcalander/WCalendarView.class
fileFilter	**/AuthWebView.class	HIT	com/wego/android/login/features/travellerform/AuthWebView.class
fileFilter	**/AuthWebView$*.class	HIT	com/wego/android/login/features/travellerform/AuthWebView$Inner.class
fileFilter	**/AuthWebViewKt.class	HIT	com/wego/android/login/features/travellerform/AuthWebViewKt.class
fileFilter	**/AuthWebViewKt$*.class	HIT	com/wego/android/login/features/travellerform/AuthWebViewKt$Inner.class
fileFilter	**/AppAlertDialog.class	HIT	com/wego/android/login/features/dialog/AppAlertDialog.class
fileFilter	**/AppAlertDialog$*.class	HIT	com/wego/android/login/features/dialog/AppAlertDialog$Inner.class
fileFilter	**/AppAlertDialogKt.class	HIT	com/wego/android/login/features/dialog/AppAlertDialogKt.class
fileFilter	**/AppAlertDialogKt$*.class	HIT	com/wego/android/login/features/dialog/AppAlertDialogKt$Inner.class
fileFilter	**/TravellerFormSkeletonLoader.class	HIT	com/wego/android/login/features/travellerform/TravellerFormSkeletonLoader.class
fileFilter	**/TravellerFormSkeletonLoader$*.class	HIT	com/wego/android/login/features/travellerform/TravellerFormSkeletonLoader$Inner.class
fileFilter	**/TravellerFormSkeletonLoaderKt.class	HIT	com/wego/android/login/features/travellerform/TravellerFormSkeletonLoaderKt.class
fileFilter	**/TravellerFormSkeletonLoaderKt$*.class	HIT	com/wego/android/login/features/travellerform/TravellerFormSkeletonLoaderKt$Inner.class
fileFilter	**/hoteldetails/HotelDetailsImagesView.class	HIT	com/wego/android/features/hoteldetails/HotelDetailsImagesView.class
fileFilter	**/hoteldetails/HotelDetailsImagesView$*.class	HIT	com/wego/android/features/hoteldetails/HotelDetailsImagesView$Inner.class
fileFilter	**/hoteldetails/HotelDetailsImagesViewKt.class	HIT	com/wego/android/features/hoteldetails/HotelDetailsImagesViewKt.class
fileFilter	**/hoteldetails/HotelDetailsImagesViewKt$*.class	HIT	com/wego/android/features/hoteldetails/HotelDetailsImagesViewKt$Inner.class
fileFilter	**/CustomVideoView.class	HIT	com/wego/android/countrydestinationpages/presentation/util/CustomVideoView.class
fileFilter	**/CustomVideoView$*.class	HIT	com/wego/android/countrydestinationpages/presentation/util/CustomVideoView$Inner.class
fileFilter	**/GoogleWegoMapView.class	HIT	com/wego/android/GoogleWegoMapView.class
fileFilter	**/GoogleWegoMapView$*.class	HIT	com/wego/android/GoogleWegoMapView$Inner.class
fileFilter	**/countrydestinationmap/**/*.class	HIT	com/wego/android/features/countrydestinationmap/CountryDestinationPageMapViewImpl.class
fileFilter	**/home/components/**/*.class	HIT	com/wego/android/home/components/FlightDealRow.class
fileFilter	**/home/features/**/ui/**/*.class	HIT	com/wego/android/home/features/ads/ui/AdSectionViewHolder.class
fileFilter	**/home/features/**/adapter/**/*.class	HIT	com/wego/android/home/features/cityguide/adapter/CollectionPageAdapter.class
fileFilter	**/home/features/publicholiday/view/**/*.class	HIT	com/wego/android/home/features/publicholiday/view/PHCDestAdapter.class
fileFilter	**/home/features/myFlights/FlightBookingCardKt.class	DEAD	
fileFilter	**/home/features/myFlights/FlightBookingCardKt$*.class	DEAD	
fileFilter	**/home/features/myHotels/HotelBookingCardKt.class	HIT	com/wego/android/home/features/myHotels/HotelBookingCardKt.class
fileFilter	**/home/features/myHotels/HotelBookingCardKt$*.class	HIT	com/wego/android/home/features/myHotels/HotelBookingCardKt$Inner.class
fileFilter	**/home/features/hotelcrosssellbanner/HotelCrossSellBannerKt.class	HIT	com/wego/android/home/features/hotelcrosssellbanner/HotelCrossSellBannerKt.class
fileFilter	**/home/features/hotelcrosssellbanner/HotelCrossSellBannerKt$*.class	HIT	com/wego/android/home/features/hotelcrosssellbanner/HotelCrossSellBannerKt$Inner.class
fileFilter	**/home/features/wegowelcomepack/ClaimAllMemberDealsBannerKt.class	HIT	com/wego/android/home/features/wegowelcomepack/ClaimAllMemberDealsBannerKt.class
fileFilter	**/home/features/wegowelcomepack/ClaimAllMemberDealsBannerKt$*.class	HIT	com/wego/android/home/features/wegowelcomepack/ClaimAllMemberDealsBannerKt$Inner.class
fileFilter	**/home/features/weekendgetaway/view/WeekendGetAwayCardView.class	HIT	com/wego/android/home/features/weekendgetaway/view/WeekendGetAwayCardView.class
fileFilter	**/home/features/weekendgetaway/view/WeekendGetAwayCardView$*.class	HIT	com/wego/android/home/features/weekendgetaway/view/WeekendGetAwayCardView$Inner.class
fileFilter	**/home/util/*Bindings.class	HIT	com/wego/android/home/util/CommonBindings.class
fileFilter	**/home/util/*Bindings$*.class	HIT	com/wego/android/home/util/CommonBindings$Inner.class
fileFilter	**/home/util/*Util.class	HIT	com/wego/android/home/util/HomeCalendarUtil.class
fileFilter	**/home/util/*Util$*.class	HIT	com/wego/android/home/util/HomeCalendarUtil$Inner.class
fileFilter	**/home/util/*Helper.class	HIT	com/wego/android/home/util/HomeActivityHelper.class
fileFilter	**/home/util/*Helper$*.class	HIT	com/wego/android/home/util/HomeActivityHelper$Inner.class
fileFilter	**/home/util/*ClickHandleUtil.class	HIT	com/wego/android/home/util/HomeItemClickHandleUtil.class
fileFilter	**/home/util/*ClickHandleUtil$*.class	HIT	com/wego/android/home/util/HomeItemClickHandleUtil$Inner.class
fileFilter	**/home/util/*ImageUtil.class	HIT	com/wego/android/home/util/HomeImageUtil.class
fileFilter	**/home/util/*ImageUtil$*.class	HIT	com/wego/android/home/util/HomeImageUtil$Inner.class
fileFilter	**/home/util/*Decoration.class	HIT	com/wego/android/home/util/DestinationVerticalSpacesItemDecoration.class
fileFilter	**/home/util/*Decoration$*.class	HIT	com/wego/android/home/util/DestinationVerticalSpacesItemDecoration$Inner.class
fileFilter	**/home/util/AndroidBug5497Workaround.class	HIT	com/wego/android/home/util/AndroidBug5497Workaround.class
fileFilter	**/home/util/AndroidBug5497Workaround$*.class	HIT	com/wego/android/home/util/AndroidBug5497Workaround$Inner.class
fileFilter	**/home/util/WeegioImageUtils.class	HIT	com/wego/android/home/util/WeegioImageUtils.class
fileFilter	**/home/util/WeegioImageUtils$*.class	HIT	com/wego/android/home/util/WeegioImageUtils$Inner.class
fileFilter	**/home/util/HomeCalendarUtils.class	HIT	com/wego/android/home/util/HomeCalendarUtils.class
fileFilter	**/home/util/HomeCalendarUtils$*.class	HIT	com/wego/android/home/util/HomeCalendarUtils$Inner.class
fileFilter	**/home/util/HomeCalendarUtil.class	HIT	com/wego/android/home/util/HomeCalendarUtil.class
fileFilter	**/home/util/HomeCalendarUtil$*.class	HIT	com/wego/android/home/util/HomeCalendarUtil$Inner.class
fileFilter	**/home/util/ViewModelUtils.class	HIT	com/wego/android/home/util/ViewModelUtils.class
fileFilter	**/home/util/ViewModelUtils$*.class	HIT	com/wego/android/home/util/ViewModelUtils$Inner.class
fileFilter	**/home/viewmodel/*Bindings.class	HIT	com/wego/android/home/viewmodel/AccountListBindings.class
fileFilter	**/home/viewmodel/*Bindings$*.class	HIT	com/wego/android/home/viewmodel/AccountListBindings$Inner.class
fileFilter	**/home/viewmodel/*Binding.class	HIT	com/wego/android/home/viewmodel/CityGuideListBinding.class
fileFilter	**/home/viewmodel/*Binding$*.class	HIT	com/wego/android/home/viewmodel/CityGuideListBinding$Inner.class
fileFilter	**/home/viewmodel/Injection.class	HIT	com/wego/android/home/viewmodel/Injection.class
fileFilter	**/home/viewmodel/Injection$*.class	HIT	com/wego/android/home/viewmodel/Injection$Inner.class
fileFilter	**/home/viewmodel/ViewModelFactory.class	HIT	com/wego/android/home/viewmodel/ViewModelFactory.class
fileFilter	**/home/viewmodel/ViewModelFactory$*.class	HIT	com/wego/android/home/viewmodel/ViewModelFactory$Inner.class
fileFilter	**/home/di/**/*.class	HIT	com/wego/android/home/di/HomeInjector.class
fileFilter	**/home/data/source/**/*.class	HIT	com/wego/android/home/data/source/PriceTrendPagedDataSource.class
fileFilter	**/home/data/*ApiServices.class	HIT	com/wego/android/home/data/EngageApiServices.class
fileFilter	**/home/data/*ApiServices$*.class	HIT	com/wego/android/home/data/EngageApiServices$Inner.class
fileFilter	**/home/model/Mapper.class	HIT	com/wego/android/home/model/Mapper.class
fileFilter	**/home/model/Mapper$*.class	HIT	com/wego/android/home/model/Mapper$Inner.class
fileFilter	**/home/features/*Section.class	DEAD	
fileFilter	**/home/features/*Section$*.class	DEAD	
fileFilter	**/home/features/publicholiday/view/PublicHolidayFooterBinderUtility.class	HIT	com/wego/android/home/features/publicholiday/view/PublicHolidayFooterBinderUtility.class
fileFilter	**/home/features/publicholiday/view/PublicHolidayFooterBinderUtility$*.class	HIT	com/wego/android/home/features/publicholiday/view/PublicHolidayFooterBinderUtility$Inner.class
fileFilter	**/home/features/publicholiday/view/PublicHolidaySection.class	DEAD	
fileFilter	**/home/features/publicholiday/view/PublicHolidaySection$*.class	DEAD	
fileFilter	**/home/features/traveladvisory/TravelAdvisorySection.class	HIT	com/wego/android/home/features/traveladvisory/TravelAdvisorySection.class
fileFilter	**/home/features/traveladvisory/TravelAdvisorySection$*.class	HIT	com/wego/android/home/features/traveladvisory/TravelAdvisorySection$Inner.class
fileFilter	**/home/features/popdest/VisaFreeCountrySection.class	HIT	com/wego/android/home/features/popdest/VisaFreeCountrySection.class
fileFilter	**/home/features/popdest/VisaFreeCountrySection$*.class	HIT	com/wego/android/home/features/popdest/VisaFreeCountrySection$Inner.class
fileFilter	**/home/features/popdest/PopDestSection.class	HIT	com/wego/android/home/features/popdest/PopDestSection.class
fileFilter	**/home/features/popdest/PopDestSection$*.class	HIT	com/wego/android/home/features/popdest/PopDestSection$Inner.class
fileFilter	**/home/features/featureddest/view/FeaturedDestSection.class	HIT	com/wego/android/home/features/featureddest/view/FeaturedDestSection.class
fileFilter	**/home/features/featureddest/view/FeaturedDestSection$*.class	HIT	com/wego/android/home/features/featureddest/view/FeaturedDestSection$Inner.class
fileFilter	**/home/features/loginsection/LoginSection.class	HIT	com/wego/android/home/features/loginsection/LoginSection.class
fileFilter	**/home/features/loginsection/LoginSection$*.class	HIT	com/wego/android/home/features/loginsection/LoginSection$Inner.class
fileFilter	**/home/features/appupdate/AppUpdateSection.class	HIT	com/wego/android/home/features/appupdate/AppUpdateSection.class
fileFilter	**/home/features/appupdate/AppUpdateSection$*.class	HIT	com/wego/android/home/features/appupdate/AppUpdateSection$Inner.class
fileFilter	**/home/features/newsbanner/NewsBannerSection.class	HIT	com/wego/android/home/features/newsbanner/NewsBannerSection.class
fileFilter	**/home/features/newsbanner/NewsBannerSection$*.class	HIT	com/wego/android/home/features/newsbanner/NewsBannerSection$Inner.class
fileFilter	**/home/features/weekendgetaway/WeekendGetAwaySection.class	HIT	com/wego/android/home/features/weekendgetaway/WeekendGetAwaySection.class
fileFilter	**/home/features/weekendgetaway/WeekendGetAwaySection$*.class	HIT	com/wego/android/home/features/weekendgetaway/WeekendGetAwaySection$Inner.class
fileFilter	**/home/features/myHotels/*Card.class	HIT	com/wego/android/home/features/myHotels/HotelBookingCard.class
fileFilter	**/home/features/myHotels/*Card$*.class	HIT	com/wego/android/home/features/myHotels/HotelBookingCard$Inner.class
fileFilter	**/home/features/mybookings/*List.class	HIT	com/wego/android/home/features/mybookings/UpcomingTripsList.class
fileFilter	**/home/features/mybookings/*List$*.class	HIT	com/wego/android/home/features/mybookings/UpcomingTripsList$Inner.class
fileFilter	**/home/features/mybookings/*Header.class	HIT	com/wego/android/home/features/mybookings/BookingCardHeader.class
fileFilter	**/home/features/mybookings/*Header$*.class	HIT	com/wego/android/home/features/mybookings/BookingCardHeader$Inner.class
fileFilter	**/home/features/hotelcrosssellbanner/*Banner.class	HIT	com/wego/android/home/features/hotelcrosssellbanner/HotelCrossSellBanner.class
fileFilter	**/home/features/hotelcrosssellbanner/*Banner$*.class	HIT	com/wego/android/home/features/hotelcrosssellbanner/HotelCrossSellBanner$Inner.class
fileFilter	**/home/features/account/view/*View.class	HIT	com/wego/android/home/features/account/view/AccountCellView.class
fileFilter	**/home/features/account/view/*View$*.class	HIT	com/wego/android/home/features/account/view/AccountCellView$Inner.class
fileFilter	**/home/features/weekendgetaway/*View.class	DEAD	
fileFilter	**/home/features/weekendgetaway/*View$*.class	DEAD	
fileFilter	**/home/features/traveladvisory/view/*Filter*.class	HIT	com/wego/android/home/features/traveladvisory/view/FilterTravelAdvisiory.class
fileFilter	**/home/features/traveladvisory/view/*Filter*$*.class	HIT	com/wego/android/home/features/traveladvisory/view/FilterTravelAdvisiory$Inner.class
fileFilter	**/home/features/traveladvisory/view/*BottomSheet*.class	HIT	com/wego/android/home/features/traveladvisory/view/BottomSheetTravelAdvisory.class
fileFilter	**/home/features/traveladvisory/view/*BottomSheet*$*.class	HIT	com/wego/android/home/features/traveladvisory/view/BottomSheetTravelAdvisory$Inner.class
fileFilter	**/home/features/newsfeed/*Banner*.class	DEAD	
fileFilter	**/home/features/newsfeed/*Banner*$*.class	DEAD	
fileFilter	**/home/features/shopcash/*Banner*.class	DEAD	
fileFilter	**/home/features/shopcash/*Banner*$*.class	DEAD	
fileFilter	**/home/features/carouselsdui/*Section.class	HIT	com/wego/android/home/features/carouselsdui/CarouselSDUISection.class
fileFilter	**/home/features/carouselsdui/*Section$*.class	HIT	com/wego/android/home/features/carouselsdui/CarouselSDUISection$Inner.class
fileFilter	**/home/features/carouselsdui/*Binding.class	HIT	com/wego/android/home/features/carouselsdui/DynamicSectionBinding.class
fileFilter	**/home/features/carouselsdui/*Binding$*.class	HIT	com/wego/android/home/features/carouselsdui/DynamicSectionBinding$Inner.class
fileFilter	**/home/features/engage/**/*.class	HIT	com/wego/android/home/features/engage/EngageClusterRequestFactory.class
fileFilter	**/home/features/email/**/*.class	HIT	com/wego/android/home/features/email/EmailUsActivity.class
fileFilter	**/home/view/SectionManager.class	HIT	com/wego/android/home/view/SectionManager.class
fileFilter	**/home/view/SectionManager$*.class	HIT	com/wego/android/home/view/SectionManager$Inner.class
fileFilter	**/home/features/**/presenter/*Presenter.class	DEAD	
fileFilter	**/home/features/**/presenter/*Presenter$*.class	DEAD	
fileFilter	**/home/viewmodel/SectionsViewModel.class	HIT	com/wego/android/home/viewmodel/SectionsViewModel.class
fileFilter	**/home/viewmodel/SectionsViewModel$*.class	HIT	com/wego/android/home/viewmodel/SectionsViewModel$Inner.class
fileFilter	**/GoogleClusterManager.class	HIT	com/wego/android/features/hotelsearchresults/maps/clustering/GoogleClusterManager.class
fileFilter	**/GoogleClusterManager$*.class	HIT	com/wego/android/features/hotelsearchresults/maps/clustering/GoogleClusterManager$Inner.class
fileFilter	**/GoogleClusterRenderer.class	HIT	com/wego/android/features/hotelsearchresults/maps/clustering/GoogleClusterRenderer.class
fileFilter	**/GoogleClusterRenderer$*.class	HIT	com/wego/android/features/hotelsearchresults/maps/clustering/GoogleClusterRenderer$Inner.class
fileFilter	**/GoogleCluster.class	HIT	com/wego/android/features/hotelsearchresults/maps/clustering/GoogleCluster.class
fileFilter	**/GoogleCluster$*.class	HIT	com/wego/android/features/hotelsearchresults/maps/clustering/GoogleCluster$Inner.class
fileFilter	**/GoogleClusterItem.class	HIT	com/wego/android/features/hotelsearchresults/maps/clustering/GoogleClusterItem.class
fileFilter	**/GoogleDefaultIconGenerator.class	HIT	com/wego/android/features/hotelsearchresults/maps/clustering/GoogleDefaultIconGenerator.class
fileFilter	**/GoogleDefaultIconGenerator$*.class	HIT	com/wego/android/features/hotelsearchresults/maps/clustering/GoogleDefaultIconGenerator$Inner.class
fileFilter	**/GoogleIconGenerator.class	HIT	com/wego/android/features/hotelsearchresults/maps/clustering/GoogleIconGenerator.class
fileFilter	**/GoogleIconGenerator$*.class	HIT	com/wego/android/features/hotelsearchresults/maps/clustering/GoogleIconGenerator$Inner.class
fileFilter	**/GoogleIconStyle.class	HIT	com/wego/android/features/hotelsearchresults/maps/clustering/GoogleIconStyle.class
fileFilter	**/GoogleIconStyle$*.class	HIT	com/wego/android/features/hotelsearchresults/maps/clustering/GoogleIconStyle$Inner.class
fileFilter	**/GoogleQuadTree.class	HIT	com/wego/android/features/hotelsearchresults/maps/clustering/GoogleQuadTree.class
fileFilter	**/GoogleQuadTree$*.class	HIT	com/wego/android/features/hotelsearchresults/maps/clustering/GoogleQuadTree$Inner.class
fileFilter	**/GoogleQuadTreeNode.class	HIT	com/wego/android/features/hotelsearchresults/maps/clustering/GoogleQuadTreeNode.class
fileFilter	**/GoogleQuadTreeNode$*.class	HIT	com/wego/android/features/hotelsearchresults/maps/clustering/GoogleQuadTreeNode$Inner.class
fileFilter	**/GoogleQuadTreePoint.class	HIT	com/wego/android/features/hotelsearchresults/maps/clustering/GoogleQuadTreePoint.class
fileFilter	**/GoogleQuadTreeRect.class	HIT	com/wego/android/features/hotelsearchresults/maps/clustering/GoogleQuadTreeRect.class
fileFilter	**/GooglePreconditions.class	HIT	com/wego/android/features/hotelsearchresults/maps/clustering/GooglePreconditions.class
fileFilter	**/FlightBookingCardKt.class	HIT	FlightBookingCardKt.class
fileFilter	**/FlightBookingCardKt$*.class	HIT	FlightBookingCardKt$Inner.class
fileFilter	**/AiHotelChatApiServiceKt.class	HIT	com/wego/android/hotelfeaturesv2/features/hoteldetails/aisummary/data/network/AiHotelChatApiServiceKt.class
fileFilter	**/AiHotelChatApiServiceKt$*.class	HIT	com/wego/android/hotelfeaturesv2/features/hoteldetails/aisummary/data/network/AiHotelChatApiServiceKt$Inner.class
fileFilter	**/AiHotelChatScreenKt.class	HIT	com/wego/android/hotelfeaturesv2/features/hoteldetails/aisummary/AiHotelChatScreenKt.class
fileFilter	**/AiHotelChatScreenKt$*.class	HIT	com/wego/android/hotelfeaturesv2/features/hoteldetails/aisummary/AiHotelChatScreenKt$Inner.class
fileFilter	**/ConstantsLib.class	HIT	com/wego/android/ConstantsLib.class
fileFilter	**/FlightConstantsKt.class	HIT	com/wego/android/util/FlightConstantsKt.class
fileFilter	**/HomeBindingUtilsKt.class	HIT	com/wego/android/homebase/utils/HomeBindingUtilsKt.class
fileFilter	**/HomeBindingUtils.class	HIT	com/wego/android/homebase/utils/HomeBindingUtils.class
fileFilter	**/HomeBindingUtils$*.class	HIT	com/wego/android/homebase/utils/HomeBindingUtils$Inner.class
fileFilter	**/HotelTagHelper.class	HIT	com/wego/android/util/HotelTagHelper.class
fileFilter	**/HotelTagHelper$*.class	HIT	com/wego/android/util/HotelTagHelper$Inner.class
fileFilter	**/HotelTagHelperKt.class	HIT	com/wego/android/util/HotelTagHelperKt.class
fileFilter	**/PublicHolidayUtil.class	HIT	com/wego/android/home/util/PublicHolidayUtil.class
fileFilter	**/PublicHolidayUtil$*.class	HIT	com/wego/android/home/util/PublicHolidayUtil$Inner.class
fileFilter	**/PublicHolidayUtilKt.class	HIT	com/wego/android/home/util/PublicHolidayUtilKt.class
fileFilter	**/PHCalendarUIConfiguration.class	HIT	com/wego/android/home/features/publicholiday/view/PHCalendarUIConfiguration.class
fileFilter	**/PHCalendarUIConfiguration$*.class	HIT	com/wego/android/home/features/publicholiday/view/PHCalendarUIConfiguration$Inner.class
sourceFileFilter	**/di/*.kt	HIT	com/wego/android/airlinesearchform/presentation/di/AirlineSearchFormComponent.kt
sourceFileFilter	**/features/flytoanywhere/ui/**/*.kt	HIT	com/wego/android/features/flytoanywhere/ui/compose/CachedAsyncImage.kt
sourceFileFilter	**/bowflight/components/**/*.kt	HIT	com/wego/android/bowflight/components/LineDividers.kt
sourceFileFilter	**/mytrips/presentation/ui/**/*.kt	HIT	com/wego/android/mytrips/presentation/ui/MyTripsScreen.kt
sourceFileFilter	**/bow/ui/**/*.kt	HIT	com/wego/android/bow/ui/BOWActivity.kt
sourceFileFilter	**/bowflight/ui/**/*.kt	HIT	com/wego/android/bowflight/ui/BowFlightRouter.kt
sourceFileFilter	**/wegopayments/ui/**/*.kt	HIT	com/wego/android/wegopayments/ui/PaymentOptionDisplay.kt
sourceFileFilter	**/bookinghistory/ui/theme/**/*.kt	HIT	com/wego/android/bookinghistory/ui/theme/Color.kt
sourceFileFilter	**/homebase/components/**/*.kt	HIT	com/wego/android/homebase/components/EmptyStateView.kt
sourceFileFilter	**/pricealert/ui/**/*.kt	HIT	com/wego/android/pricealert/ui/component/AirlineSelectionBottomSheetView.kt
sourceFileFilter	**/citydestinationpages/ui/**/*.kt	HIT	com/wego/android/citydestinationpages/ui/HeaderMedia.kt
sourceFileFilter	**/flexibleairlines/search/ui/**/*.kt	HIT	com/wego/android/flexibleairlines/search/ui/FlexFlightSearchAdapter.kt
sourceFileFilter	**/onboardingflow/ui/**/*.kt	HIT	com/wego/android/onboardingflow/ui/theme/Color.kt
sourceFileFilter	**/home/components/**/*.kt	HIT	com/wego/android/home/components/FlightDealRow.kt
sourceFileFilter	**/home/features/**/ui/**/*.kt	HIT	com/wego/android/home/features/ads/ui/AdSectionViewHolder.kt
sourceFileFilter	**/libbasewithcompose/hoteleducationcomponent/**/*.kt	HIT	com/wego/android/libbasewithcompose/hoteleducationcomponent/GuestHotelUpSellComponent.kt
sourceFileFilter	**/libbasewithcompose/uicomponents/**/*.kt	HIT	com/wego/android/libbasewithcompose/uicomponents/AppBarWithBack.kt
sourceFileFilter	**/libbasewithcompose/bottomsheets/**/*.kt	HIT	com/wego/android/libbasewithcompose/bottomsheets/BottomSheetFlightSearchForcedLogin.kt
sourceFileFilter	**/materialedittext/**/*.java	HIT	com/rengwuxian/materialedittext/Colors.java
sourceFileFilter	**/wcalander/**/*.kt	HIT	com/wego/android/wcalander/WCalendarView.kt
sourceFileFilter	**/homebase/miniapp/CustomWebViewClient.kt	HIT	com/wego/android/homebase/miniapp/CustomWebViewClient.kt
sourceFileFilter	**/homebase/miniapp/CustomWebChromeClientImpl.kt	HIT	com/wego/android/homebase/miniapp/CustomWebChromeClientImpl.kt
sourceFileFilter	**/homebase/miniapp/CustomWebAppInterface.kt	HIT	com/wego/android/homebase/miniapp/CustomWebAppInterface.kt
sourceFileFilter	**/homebase/miniapp/BaseMiniAppFragment.kt	HIT	com/wego/android/homebase/miniapp/BaseMiniAppFragment.kt
sourceFileFilter	**/homebase/miniapp/MiniAppFragment.kt	HIT	com/wego/android/homebase/miniapp/MiniAppFragment.kt
sourceFileFilter	**/homebase/miniapp/MiniAppActivity.kt	HIT	com/wego/android/homebase/miniapp/MiniAppActivity.kt
sourceFileFilter	**/homebase/miniapp/BlankFragment.kt	HIT	com/wego/android/homebase/miniapp/BlankFragment.kt
sourceFileFilter	**/homebase/miniapp/IModuleSubscription.kt	HIT	com/wego/android/homebase/miniapp/IModuleSubscription.kt
sourceFileFilter	**/airlinesearchform/feature/airlinewebview/AirlineSearchFormWebViewClient.kt	HIT	com/wego/android/airlinesearchform/feature/airlinewebview/AirlineSearchFormWebViewClient.kt
sourceFileFilter	**/citydestinationpages/util/CityDestinationWebViewClient.kt	HIT	com/wego/android/citydestinationpages/util/CityDestinationWebViewClient.kt
sourceFileFilter	**/wegopayments/ui/paymentwebview/PaymentWebviewClient.kt	HIT	com/wego/android/wegopayments/ui/paymentwebview/PaymentWebviewClient.kt
sourceFileFilter	**/wegopayments/ui/paymentwebview/PaymentWebView.kt	HIT	com/wego/android/wegopayments/ui/paymentwebview/PaymentWebView.kt
sourceFileFilter	**/wegopayments/ui/paymentwebview/WebView3DSListener.kt	HIT	com/wego/android/wegopayments/ui/paymentwebview/WebView3DSListener.kt
sourceFileFilter	**/home/features/citypage/CityPageBindingAdapters.kt	HIT	com/wego/android/home/features/citypage/CityPageBindingAdapters.kt
sourceFileFilter	**/homebase/model/HomeStoryModel.kt	HIT	com/wego/android/homebase/model/HomeStoryModel.kt
sourceFileFilter	**/homebase/model/HomeSingleImageSectionModel.kt	HIT	com/wego/android/homebase/model/HomeSingleImageSectionModel.kt
sourceFileFilter	**/homebase/model/HomeOfferModel.kt	HIT	com/wego/android/homebase/model/HomeOfferModel.kt
sourceFileFilter	**/homebase/model/HomePlaceholderModel.kt	HIT	com/wego/android/homebase/model/HomePlaceholderModel.kt
sourceFileFilter	**/homebase/model/HomeEmptyStateModel.kt	HIT	com/wego/android/homebase/model/HomeEmptyStateModel.kt
sourceFileFilter	**/homebase/model/ExploreEmptyStateModel.kt	HIT	com/wego/android/homebase/model/ExploreEmptyStateModel.kt
sourceFileFilter	**/homebase/model/HomeExploreSectionModel.kt	HIT	com/wego/android/homebase/model/HomeExploreSectionModel.kt
sourceFileFilter	**/homebase/components/HomeScreenButton.kt	HIT	com/wego/android/homebase/components/HomeScreenButton.kt
sourceFileFilter	**/home/features/engage/EngageServiceBroadcastListener.kt	HIT	com/wego/android/home/features/engage/EngageServiceBroadcastListener.kt
sourceFileFilter	**/pushtemplates/**/*.kt	HIT	com/webengage/pushtemplates/models/TimerStyleData.kt
sourceFileFilter	**/FlightSearchContract.java	HIT	com/wego/android/features/flightsearch/FlightSearchContract.java
sourceFileFilter	**/CalendarFlightsViewActivityV1.java	DEAD	
sourceFileFilter	**/libbasewithcompose/theme/Color.kt	HIT	com/wego/android/libbasewithcompose/theme/Color.kt
sourceFileFilter	**/libbasewithcompose/theme/Type.kt	HIT	com/wego/android/libbasewithcompose/theme/Type.kt
sourceFileFilter	**/PriceText.kt	HIT	com/wego/android/libbasewithcompose/uicomponents/PriceText.kt
sourceFileFilter	**/ConstantsLib.java	HIT	com/wego/android/ConstantsLib.java
sourceFileFilter	**/AnywherePlace.kt	HIT	com/wego/android/data/models/AnywherePlace.kt
sourceFileFilter	**/mytrips/presentation/MyTripsFragment.kt	HIT	com/wego/android/mytrips/presentation/MyTripsFragment.kt
sourceFileFilter	**/mytrips/presentation/MyTripsInjector.kt	HIT	com/wego/android/mytrips/presentation/MyTripsInjector.kt
sourceFileFilter	**/mytrips/data/api/MyTripsApiService.kt	HIT	com/wego/android/mytrips/data/api/MyTripsApiService.kt
sourceFileFilter	**/mytrips/data/model/*.kt	HIT	com/wego/android/mytrips/data/model/FlightBookingResponse.kt
sourceFileFilter	**/mytrips/data/repository/MyTripsRepository.kt	HIT	com/wego/android/mytrips/data/repository/MyTripsRepository.kt
sourceFileFilter	**/mytrips/domain/usecase/LoginStatusProvider.kt	HIT	com/wego/android/mytrips/domain/usecase/LoginStatusProvider.kt
sourceFileFilter	**/bookinghistory/FindBookingScreen.kt	HIT	com/wego/android/bookinghistory/FindBookingScreen.kt
sourceFileFilter	**/bookinghistory/FlightBookingHistoryCard.kt	HIT	com/wego/android/bookinghistory/FlightBookingHistoryCard.kt
sourceFileFilter	**/bookinghistory/HotelBookingHistoryCard.kt	HIT	com/wego/android/bookinghistory/HotelBookingHistoryCard.kt
sourceFileFilter	**/bookinghistory/FlightBookingHistoryShimmerEffect.kt	HIT	com/wego/android/bookinghistory/FlightBookingHistoryShimmerEffect.kt
sourceFileFilter	**/bookinghistory/HotelBookingHistoryShimmerEffect.kt	HIT	com/wego/android/bookinghistory/HotelBookingHistoryShimmerEffect.kt
sourceFileFilter	**/bookinghistory/WhereIsMyFlightBookingUI.kt	HIT	com/wego/android/bookinghistory/WhereIsMyFlightBookingUI.kt
sourceFileFilter	**/bookinghistory/WhereIsMyHotelBookingUI.kt	HIT	com/wego/android/bookinghistory/WhereIsMyHotelBookingUI.kt
sourceFileFilter	**/bookinghistory/FindBookingUI.kt	HIT	com/wego/android/bookinghistory/FindBookingUI.kt
sourceFileFilter	**/bookinghistory/BookingCancelledUI.kt	HIT	com/wego/android/bookinghistory/BookingCancelledUI.kt
sourceFileFilter	**/bookinghistory/BottomBarUI.kt	HIT	com/wego/android/bookinghistory/BottomBarUI.kt
sourceFileFilter	**/bookinghistory/TopBarUI.kt	HIT	com/wego/android/bookinghistory/TopBarUI.kt
sourceFileFilter	**/bookinghistory/CustomBottomSheet.kt	HIT	com/wego/android/bookinghistory/CustomBottomSheet.kt
sourceFileFilter	**/bookinghistory/HotelBookingHistoryApp.kt	HIT	com/wego/android/bookinghistory/HotelBookingHistoryApp.kt
sourceFileFilter	**/bookinghistory/BookingHistoryActivity.kt	HIT	com/wego/android/bookinghistory/BookingHistoryActivity.kt
sourceFileFilter	**/bookinghistory/CancelBookingActivity.kt	HIT	com/wego/android/bookinghistory/CancelBookingActivity.kt
sourceFileFilter	**/bookinghistory/BookingHistoryResult.kt	HIT	com/wego/android/bookinghistory/BookingHistoryResult.kt
sourceFileFilter	**/bookinghistory/common/DottedDivider.kt	HIT	com/wego/android/bookinghistory/common/DottedDivider.kt
sourceFileFilter	**/bookinghistory/common/GlideImage.kt	HIT	com/wego/android/bookinghistory/common/GlideImage.kt
sourceFileFilter	**/bookinghistory/common/Utils.kt	HIT	com/wego/android/bookinghistory/common/Utils.kt
sourceFileFilter	**/bookinghistory/di/**/*.kt	HIT	com/wego/android/bookinghistory/di/BookingHistoryComponent.kt
sourceFileFilter	**/citydestinationpages/DestinationRouterActivity.kt	HIT	com/wego/android/citydestinationpages/DestinationRouterActivity.kt
